{"time":"2026-08-23T17:12:08.1036236+05:30","level":"INFO","msg":"wandb-core"}
{"time":"2026-08-23T17:12:08.1052352+05:30","level":"INFO","msg":"stream: starting","core version":"0.28.0"}
{"time":"2026-08-23T17:12:08.6957036+05:30","level":"INFO","msg":"stream: created new stream","id":"krnpgoed"}
{"time":"2026-08-23T17:12:08.6957036+05:30","level":"INFO","msg":"handler: started"}
{"time":"2026-08-23T17:12:08.6989452+05:30","level":"INFO","msg":"stream: started"}
{"time":"2026-08-23T17:12:08.6989452+05:30","level":"INFO","msg":"sender: started"}
{"time":"2026-08-23T17:12:08.6989452+05:30","level":"INFO","msg":"writer: started","stream_id":"krnpgoed"}
{"time":"2026-08-23T17:12:10.4680474+05:30","level":"INFO","msg":"filestream: sending request","total_files":1,"console_offset":0,"console_lines":1}
{"time":"2026-08-23T17:12:10.9963585+05:30","level":"INFO","msg":"filestream: request sent","status":"200 OK"}
{"time":"2026-08-23T17:12:25.4680316+05:30","level":"INFO","msg":"filestream: sending request","total_files":2,"events_offset":0,"events_lines":2,"console_offset":0,"console_lines":1,"uploaded_len":2}
{"time":"2026-08-23T17:12:25.8965951+05:30","level":"INFO","msg":"filestream: request sent","status":"200 OK"}
{"time":"2026-08-23T17:12:40.4731187+05:30","level":"INFO","msg":"filestream: sending request","total_files":4,"history_offset":0,"history_lines":1,"events_offset":2,"events_lines":2,"console_offset":1,"console_lines":2,"uploaded_len":4}
{"time":"2026-08-23T17:12:41.5514728+05:30","level":"INFO","msg":"filestream: request sent","status":"200 OK"}
{"time":"2026-08-23T17:12:55.4719722+05:30","level":"INFO","msg":"filestream: sending request","total_files":4,"history_offset":1,"history_lines":1,"events_offset":4,"events_lines":2,"console_offset":3,"console_lines":2,"uploaded_len":4}
{"time":"2026-08-23T17:12:57.4455792+05:30","level":"INFO","msg":"filestream: request sent","status":"200 OK"}
{"time":"2026-08-23T17:13:10.469429+05:30","level":"INFO","msg":"filestream: sending request","total_files":4,"history_offset":2,"history_lines":1,"events_offset":6,"events_lines":2,"console_offset":5,"console_lines":2,"uploaded_len":4}
{"time":"2026-08-23T17:13:10.9680477+05:30","level":"INFO","msg":"filestream: request sent","status":"200 OK"}
{"time":"2026-08-23T17:13:25.4710855+05:30","level":"INFO","msg":"filestream: sending request","total_files":4,"history_offset":3,"history_lines":1,"events_offset":8,"events_lines":2,"console_offset":7,"console_lines":2}
{"time":"2026-08-23T17:13:26.033282+05:30","level":"INFO","msg":"filestream: request sent","status":"200 OK"}
{"time":"2026-08-23T17:13:40.4723938+05:30","level":"INFO","msg":"filestream: sending request","total_files":4,"history_offset":4,"history_lines":1,"events_offset":10,"events_lines":2,"console_offset":9,"console_lines":2,"uploaded_len":4}
{"time":"2026-08-23T17:13:41.3850156+05:30","level":"INFO","msg":"filestream: request sent","status":"200 OK"}
{"time":"2026-08-23T17:13:55.4678892+05:30","level":"INFO","msg":"filestream: sending request","total_files":1,"events_offset":12,"events_lines":2,"uploaded_len":4}
{"time":"2026-08-23T17:13:56.1218318+05:30","level":"INFO","msg":"filestream: request sent","status":"200 OK"}
{"time":"2026-08-23T17:14:10.471988+05:30","level":"INFO","msg":"filestream: sending request","total_files":4,"history_offset":5,"history_lines":1,"events_offset":14,"events_lines":2,"console_offset":11,"console_lines":2,"uploaded_len":4}
{"time":"2026-08-23T17:14:14.6765926+05:30","level":"INFO","msg":"filestream: request sent","status":"200 OK"}
{"time":"2026-08-23T17:14:25.4714997+05:30","level":"INFO","msg":"filestream: sending request","total_files":4,"history_offset":6,"history_lines":1,"events_offset":16,"events_lines":2,"console_offset":13,"console_lines":2,"uploaded_len":4}
{"time":"2026-08-23T17:14:55.1322775+05:30","level":"INFO","msg":"filestream: request sent","status":"200 OK"}
{"time":"2026-08-23T17:14:55.1354807+05:30","level":"INFO","msg":"filestream: sending request","total_files":4,"history_offset":7,"history_lines":1,"events_offset":18,"events_lines":4,"console_offset":15,"console_lines":2,"uploaded_len":3}
{"time":"2026-08-23T17:15:29.0066263+05:30","level":"ERROR","msg":"runfiles: CreateRunFiles returned error: context deadline exceeded"}
{"time":"2026-08-23T17:15:32.7627454+05:30","level":"INFO","msg":"api: retrying error","error":"Post \"https://api.wandb.ai/graphql\": context deadline exceeded"}
{"time":"2026-08-23T17:15:47.3095474+05:30","level":"INFO","msg":"api: retrying error","error":"Post \"https://api.wandb.ai/graphql\": context deadline exceeded"}
{"time":"2026-08-23T17:16:01.6537482+05:30","level":"INFO","msg":"api: retrying error","error":"Post \"https://api.wandb.ai/graphql\": read tcp [2409:40c2:804f:27b:d98f:e473:1daf:1530]:55015->[64:ff9b::2208:fa65]:443: wsarecv: A connection attempt failed because the connected party did not properly respond after a period of time, or established connection failed because connected host has failed to respond."}
{"time":"2026-08-23T17:16:01.6537482+05:30","level":"INFO","msg":"api: retrying error","error":"Post \"https://api.wandb.ai/graphql\": read tcp [2409:40c2:804f:27b:d98f:e473:1daf:1530]:55015->[64:ff9b::2208:fa65]:443: wsarecv: A connection attempt failed because the connected party did not properly respond after a period of time, or established connection failed because connected host has failed to respond."}
{"time":"2026-08-23T17:16:01.6537482+05:30","level":"INFO","msg":"api: retrying error","error":"Post \"https://api.wandb.ai/graphql\": read tcp [2409:40c2:804f:27b:d98f:e473:1daf:1530]:55015->[64:ff9b::2208:fa65]:443: wsarecv: A connection attempt failed because the connected party did not properly respond after a period of time, or established connection failed because connected host has failed to respond."}
{"time":"2026-08-23T17:16:01.6537482+05:30","level":"INFO","msg":"api: retrying error","error":"Post \"https://api.wandb.ai/graphql\": read tcp [2409:40c2:804f:27b:d98f:e473:1daf:1530]:55015->[64:ff9b::2208:fa65]:443: wsarecv: A connection attempt failed because the connected party did not properly respond after a period of time, or established connection failed because connected host has failed to respond."}
{"time":"2026-08-23T17:16:03.7127671+05:30","level":"INFO","msg":"api: retrying error","error":"Post \"https://api.wandb.ai/graphql\": dial tcp: lookup api.wandb.ai: no such host"}
{"time":"2026-08-23T17:16:04.1431747+05:30","level":"INFO","msg":"api: retrying error","error":"Post \"https://api.wandb.ai/graphql\": dial tcp: lookup api.wandb.ai: no such host"}
{"time":"2026-08-23T17:16:06.1743804+05:30","level":"INFO","msg":"api: retrying error","error":"Post \"https://api.wandb.ai/graphql\": dial tcp: lookup api.wandb.ai: no such host"}
{"time":"2026-08-23T17:16:06.235373+05:30","level":"INFO","msg":"api: retrying error","error":"Post \"https://api.wandb.ai/graphql\": dial tcp: lookup api.wandb.ai: no such host"}
{"time":"2026-08-23T17:16:08.5595131+05:30","level":"INFO","msg":"api: retrying error","error":"Post \"https://api.wandb.ai/graphql\": dial tcp: lookup api.wandb.ai: no such host"}
{"time":"2026-08-23T17:16:08.6920832+05:30","level":"INFO","msg":"api: retrying error","error":"Post \"https://api.wandb.ai/graphql\": dial tcp: lookup api.wandb.ai: no such host"}
{"time":"2026-08-23T17:16:13.1492114+05:30","level":"INFO","msg":"api: retrying error","error":"Post \"https://api.wandb.ai/graphql\": dial tcp: lookup api.wandb.ai: no such host"}
{"time":"2026-08-23T17:16:14.6708025+05:30","level":"INFO","msg":"api: retrying error","error":"Post \"https://api.wandb.ai/graphql\": dial tcp: lookup api.wandb.ai: no such host"}
{"time":"2026-08-23T17:16:15.4247613+05:30","level":"INFO","msg":"api: retrying error","error":"Post \"https://api.wandb.ai/graphql\": dial tcp: lookup api.wandb.ai: no such host"}
{"time":"2026-08-23T17:16:16.034944+05:30","level":"INFO","msg":"api: retrying error","error":"Post \"https://api.wandb.ai/graphql\": dial tcp: lookup api.wandb.ai: no such host"}
{"time":"2026-08-23T17:16:16.7869294+05:30","level":"INFO","msg":"api: retrying error","error":"Post \"https://api.wandb.ai/graphql\": dial tcp: lookup api.wandb.ai: no such host"}
{"time":"2026-08-23T17:16:17.357573+05:30","level":"INFO","msg":"api: retrying error","error":"Post \"https://api.wandb.ai/graphql\": dial tcp: lookup api.wandb.ai: no such host"}
{"time":"2026-08-23T17:16:19.956088+05:30","level":"INFO","msg":"api: retrying error","error":"Post \"https://api.wandb.ai/graphql\": dial tcp: lookup api.wandb.ai: no such host"}
{"time":"2026-08-23T17:16:28.0054521+05:30","level":"INFO","msg":"api: retrying error","error":"Post \"https://api.wandb.ai/graphql\": dial tcp: lookup api.wandb.ai: no such host"}
{"time":"2026-08-23T17:16:30.9155752+05:30","level":"INFO","msg":"api: retrying error","error":"Post \"https://api.wandb.ai/graphql\": dial tcp: lookup api.wandb.ai: no such host"}
{"time":"2026-08-23T17:16:33.1646136+05:30","level":"INFO","msg":"api: retrying error","error":"Post \"https://api.wandb.ai/graphql\": dial tcp: lookup api.wandb.ai: no such host"}
{"time":"2026-08-23T17:16:33.1646136+05:30","level":"INFO","msg":"api: retrying error","error":"Post \"https://api.wandb.ai/graphql\": dial tcp: lookup api.wandb.ai: no such host"}
{"time":"2026-08-23T17:16:33.776073+05:30","level":"INFO","msg":"api: retrying error","error":"Post \"https://api.wandb.ai/graphql\": dial tcp: lookup api.wandb.ai: no such host"}
{"time":"2026-08-23T17:16:35.729778+05:30","level":"INFO","msg":"api: retrying error","error":"Post \"https://api.wandb.ai/graphql\": dial tcp: lookup api.wandb.ai: no such host"}
{"time":"2026-08-23T17:16:35.7490601+05:30","level":"INFO","msg":"api: retrying error","error":"Post \"https://api.wandb.ai/graphql\": dial tcp: lookup api.wandb.ai: no such host"}
{"time":"2026-08-23T17:16:37.2443685+05:30","level":"INFO","msg":"api: retrying error","error":"Post \"https://api.wandb.ai/graphql\": dial tcp: lookup api.wandb.ai: no such host"}
{"time":"2026-08-23T17:16:41.3015609+05:30","level":"INFO","msg":"api: retrying error","error":"Post \"https://api.wandb.ai/files/rshisode607-government-college-of-engineering-aurangabad/micro-MoRE-poc/krnpgoed/file_stream\": read tcp [2409:40c2:804f:27b:d98f:e473:1daf:1530]:55030->[64:ff9b::2208:fa65]:443: wsarecv: A connection attempt failed because the connected party did not properly respond after a period of time, or established connection failed because connected host has failed to respond."}
{"time":"2026-08-23T17:16:43.3991044+05:30","level":"INFO","msg":"api: retrying error","error":"Post \"https://api.wandb.ai/files/rshisode607-government-college-of-engineering-aurangabad/micro-MoRE-poc/krnpgoed/file_stream\": dial tcp: lookup api.wandb.ai: no such host"}
{"time":"2026-08-23T17:16:45.4283738+05:30","level":"INFO","msg":"api: retrying error","error":"Post \"https://api.wandb.ai/graphql\": dial tcp: lookup api.wandb.ai: no such host"}
{"time":"2026-08-23T17:16:46.2415968+05:30","level":"INFO","msg":"api: retrying error","error":"Post \"https://api.wandb.ai/graphql\": dial tcp: lookup api.wandb.ai: no such host"}
{"time":"2026-08-23T17:16:47.9990448+05:30","level":"INFO","msg":"api: retrying error","error":"Post \"https://api.wandb.ai/files/rshisode607-government-college-of-engineering-aurangabad/micro-MoRE-poc/krnpgoed/file_stream\": dial tcp: lookup api.wandb.ai: no such host"}
{"time":"2026-08-23T17:16:50.000662+05:30","level":"INFO","msg":"api: retrying error","error":"Post \"https://api.wandb.ai/graphql\": dial tcp: lookup api.wandb.ai: no such host"}
{"time":"2026-08-23T17:16:52.3382207+05:30","level":"INFO","msg":"api: retrying error","error":"Post \"https://api.wandb.ai/graphql\": dial tcp: lookup api.wandb.ai: no such host"}
{"time":"2026-08-23T17:16:57.1232589+05:30","level":"INFO","msg":"api: retrying error","error":"Post \"https://api.wandb.ai/graphql\": dial tcp: lookup api.wandb.ai: no such host"}
{"time":"2026-08-23T17:16:57.2752014+05:30","level":"INFO","msg":"api: retrying error","error":"Post \"https://api.wandb.ai/files/rshisode607-government-college-of-engineering-aurangabad/micro-MoRE-poc/krnpgoed/file_stream\": dial tcp: lookup api.wandb.ai: no such host"}
{"time":"2026-08-23T17:17:02.9117377+05:30","level":"INFO","msg":"api: retrying error","error":"Post \"https://api.wandb.ai/graphql\": dial tcp: lookup api.wandb.ai: no such host"}
{"time":"2026-08-23T17:17:05.4254031+05:30","level":"INFO","msg":"api: retrying error","error":"Post \"https://api.wandb.ai/graphql\": dial tcp: lookup api.wandb.ai: no such host"}
{"time":"2026-08-23T17:17:05.694434+05:30","level":"INFO","msg":"api: retrying error","error":"Post \"https://api.wandb.ai/graphql\": dial tcp: lookup api.wandb.ai: no such host"}
{"time":"2026-08-23T17:17:07.7973685+05:30","level":"INFO","msg":"api: retrying error","error":"Post \"https://api.wandb.ai/graphql\": dial tcp: lookup api.wandb.ai: no such host"}
{"time":"2026-08-23T17:17:09.1288705+05:30","level":"INFO","msg":"api: retrying error","error":"Post \"https://api.wandb.ai/graphql\": dial tcp: lookup api.wandb.ai: no such host"}
{"time":"2026-08-23T17:17:09.9204516+05:30","level":"INFO","msg":"api: retrying error","error":"Post \"https://api.wandb.ai/graphql\": dial tcp: lookup api.wandb.ai: no such host"}
{"time":"2026-08-23T17:17:12.3129789+05:30","level":"INFO","msg":"api: retrying error","error":"Post \"https://api.wandb.ai/graphql\": dial tcp: lookup api.wandb.ai: no such host"}
{"time":"2026-08-23T17:17:14.0222609+05:30","level":"INFO","msg":"api: retrying error","error":"Post \"https://api.wandb.ai/graphql\": dial tcp: lookup api.wandb.ai: no such host"}
{"time":"2026-08-23T17:17:14.4308036+05:30","level":"INFO","msg":"api: retrying error","error":"Post \"https://api.wandb.ai/graphql\": dial tcp: lookup api.wandb.ai: no such host"}
{"time":"2026-08-23T17:17:15.4303376+05:30","level":"INFO","msg":"api: retrying error","error":"Post \"https://api.wandb.ai/files/rshisode607-government-college-of-engineering-aurangabad/micro-MoRE-poc/krnpgoed/file_stream\": dial tcp: lookup api.wandb.ai: no such host"}
{"time":"2026-08-23T17:17:23.5044703+05:30","level":"INFO","msg":"api: retrying error","error":"Post \"https://api.wandb.ai/graphql\": dial tcp: lookup api.wandb.ai: no such host"}
{"time":"2026-08-23T17:17:23.7625777+05:30","level":"INFO","msg":"api: retrying error","error":"Post \"https://api.wandb.ai/graphql\": dial tcp: lookup api.wandb.ai: no such host"}
{"time":"2026-08-23T17:17:24.1318889+05:30","level":"INFO","msg":"api: retrying error","error":"Post \"https://api.wandb.ai/graphql\": dial tcp: lookup api.wandb.ai: no such host"}
{"time":"2026-08-23T17:17:26.8718471+05:30","level":"INFO","msg":"api: retrying error","error":"Post \"https://api.wandb.ai/graphql\": dial tcp: lookup api.wandb.ai: no such host"}
{"time":"2026-08-23T17:17:29.0142581+05:30","level":"INFO","msg":"api: retrying error","error":"Post \"https://api.wandb.ai/graphql\": dial tcp: lookup api.wandb.ai: no such host"}
{"time":"2026-08-23T17:17:33.8032435+05:30","level":"INFO","msg":"api: retrying error","error":"Post \"https://api.wandb.ai/graphql\": dial tcp: lookup api.wandb.ai: no such host"}
{"time":"2026-08-23T17:17:37.5217511+05:30","level":"INFO","msg":"api: retrying error","error":"Post \"https://api.wandb.ai/graphql\": dial tcp: lookup api.wandb.ai: no such host"}
{"time":"2026-08-23T17:17:41.4387066+05:30","level":"INFO","msg":"api: retrying error","error":"Post \"https://api.wandb.ai/graphql\": dial tcp: lookup api.wandb.ai: no such host"}
{"time":"2026-08-23T17:17:42.5901434+05:30","level":"INFO","msg":"api: retrying error","error":"Post \"https://api.wandb.ai/graphql\": dial tcp: lookup api.wandb.ai: no such host"}
{"time":"2026-08-23T17:17:44.3184127+05:30","level":"INFO","msg":"api: retrying error","error":"Post \"https://api.wandb.ai/graphql\": dial tcp: lookup api.wandb.ai: no such host"}
{"time":"2026-08-23T17:17:46.7637135+05:30","level":"INFO","msg":"api: retrying error","error":"Post \"https://api.wandb.ai/graphql\": dial tcp: lookup api.wandb.ai: no such host"}
{"time":"2026-08-23T17:17:49.6214593+05:30","level":"INFO","msg":"api: retrying error","error":"Post \"https://api.wandb.ai/files/rshisode607-government-college-of-engineering-aurangabad/micro-MoRE-poc/krnpgoed/file_stream\": dial tcp: lookup api.wandb.ai: no such host"}
{"time":"2026-08-23T17:17:51.7121242+05:30","level":"INFO","msg":"api: retrying error","error":"Post \"https://api.wandb.ai/graphql\": dial tcp: lookup api.wandb.ai: no such host"}
{"time":"2026-08-23T17:17:58.9920666+05:30","level":"INFO","msg":"api: retrying error","error":"Post \"https://api.wandb.ai/graphql\": dial tcp: lookup api.wandb.ai: no such host"}
{"time":"2026-08-23T17:18:00.404685+05:30","level":"INFO","msg":"api: retrying error","error":"Post \"https://api.wandb.ai/graphql\": dial tcp: lookup api.wandb.ai: no such host"}
{"time":"2026-08-23T17:18:01.2577387+05:30","level":"INFO","msg":"api: retrying error","error":"Post \"https://api.wandb.ai/graphql\": dial tcp: lookup api.wandb.ai: no such host"}
{"time":"2026-08-23T17:18:03.40203+05:30","level":"INFO","msg":"api: retrying error","error":"Post \"https://api.wandb.ai/graphql\": dial tcp: lookup api.wandb.ai: no such host"}
{"time":"2026-08-23T17:18:05.7002274+05:30","level":"INFO","msg":"api: retrying error","error":"Post \"https://api.wandb.ai/graphql\": dial tcp: lookup api.wandb.ai: no such host"}
{"time":"2026-08-23T17:18:05.8360234+05:30","level":"INFO","msg":"api: retrying error","error":"Post \"https://api.wandb.ai/graphql\": dial tcp: lookup api.wandb.ai: no such host"}
{"time":"2026-08-23T17:18:09.1300237+05:30","level":"INFO","msg":"api: retrying error","error":"Post \"https://api.wandb.ai/graphql\": dial tcp: lookup api.wandb.ai: no such host"}
{"time":"2026-08-23T17:18:10.0210956+05:30","level":"INFO","msg":"api: retrying error","error":"Post \"https://api.wandb.ai/graphql\": dial tcp: lookup api.wandb.ai: no such host"}
{"time":"2026-08-23T17:18:12.3208448+05:30","level":"INFO","msg":"api: retrying error","error":"Post \"https://api.wandb.ai/graphql\": dial tcp: lookup api.wandb.ai: no such host"}
{"time":"2026-08-23T17:18:14.0230626+05:30","level":"INFO","msg":"api: retrying error","error":"Post \"https://api.wandb.ai/graphql\": dial tcp: lookup api.wandb.ai: no such host"}
{"time":"2026-08-23T17:18:18.273758+05:30","level":"INFO","msg":"api: retrying error","error":"Post \"https://api.wandb.ai/graphql\": dial tcp: lookup api.wandb.ai: no such host"}
{"time":"2026-08-23T17:18:18.355897+05:30","level":"INFO","msg":"api: retrying error","error":"Post \"https://api.wandb.ai/graphql\": dial tcp: lookup api.wandb.ai: no such host"}
{"time":"2026-08-23T17:18:19.6797938+05:30","level":"INFO","msg":"api: retrying error","error":"Post \"https://api.wandb.ai/graphql\": dial tcp: lookup api.wandb.ai: no such host"}
{"time":"2026-08-23T17:18:20.8227201+05:30","level":"INFO","msg":"api: retrying error","error":"Post \"https://api.wandb.ai/graphql\": dial tcp: lookup api.wandb.ai: no such host"}
{"time":"2026-08-23T17:18:23.2640002+05:30","level":"INFO","msg":"api: retrying error","error":"Post \"https://api.wandb.ai/graphql\": dial tcp: lookup api.wandb.ai: no such host"}
{"time":"2026-08-23T17:18:23.5058829+05:30","level":"INFO","msg":"api: retrying error","error":"Post \"https://api.wandb.ai/graphql\": dial tcp: lookup api.wandb.ai: no such host"}
{"time":"2026-08-23T17:18:27.3911914+05:30","level":"INFO","msg":"api: retrying error","error":"Post \"https://api.wandb.ai/graphql\": dial tcp: lookup api.wandb.ai: no such host"}
{"time":"2026-08-23T17:18:36.8800886+05:30","level":"INFO","msg":"api: retrying error","error":"Post \"https://api.wandb.ai/graphql\": dial tcp: lookup api.wandb.ai: no such host"}
{"time":"2026-08-23T17:18:36.9419576+05:30","level":"INFO","msg":"api: retrying error","error":"Post \"https://api.wandb.ai/graphql\": dial tcp: lookup api.wandb.ai: no such host"}
{"time":"2026-08-23T17:18:37.5222905+05:30","level":"INFO","msg":"api: retrying error","error":"Post \"https://api.wandb.ai/graphql\": dial tcp: lookup api.wandb.ai: no such host"}
{"time":"2026-08-23T17:18:38.1478859+05:30","level":"INFO","msg":"api: retrying error","error":"Post \"https://api.wandb.ai/graphql\": dial tcp: lookup api.wandb.ai: no such host"}
{"time":"2026-08-23T17:18:39.8888213+05:30","level":"INFO","msg":"api: retrying error","error":"Post \"https://api.wandb.ai/graphql\": dial tcp: lookup api.wandb.ai: no such host"}
{"time":"2026-08-23T17:18:42.1051834+05:30","level":"INFO","msg":"api: retrying error","error":"Post \"https://api.wandb.ai/graphql\": dial tcp: lookup api.wandb.ai: no such host"}
{"time":"2026-08-23T17:18:46.5285245+05:30","level":"INFO","msg":"api: retrying error","error":"Post \"https://api.wandb.ai/graphql\": dial tcp: lookup api.wandb.ai: no such host"}
{"time":"2026-08-23T17:18:49.6278542+05:30","level":"INFO","msg":"api: retrying error","error":"Post \"https://api.wandb.ai/files/rshisode607-government-college-of-engineering-aurangabad/micro-MoRE-poc/krnpgoed/file_stream\": dial tcp: lookup api.wandb.ai: no such host"}
{"time":"2026-08-23T17:18:53.6464817+05:30","level":"INFO","msg":"api: retrying error","error":"Post \"https://api.wandb.ai/graphql\": dial tcp: lookup api.wandb.ai: no such host"}
{"time":"2026-08-23T17:18:54.867465+05:30","level":"INFO","msg":"api: retrying error","error":"Post \"https://api.wandb.ai/graphql\": dial tcp: lookup api.wandb.ai: no such host"}
{"time":"2026-08-23T17:18:56.7314118+05:30","level":"INFO","msg":"api: retrying error","error":"Post \"https://api.wandb.ai/graphql\": dial tcp: lookup api.wandb.ai: no such host"}
{"time":"2026-08-23T17:18:57.4964183+05:30","level":"INFO","msg":"api: retrying error","error":"Post \"https://api.wandb.ai/graphql\": dial tcp: lookup api.wandb.ai: no such host"}
{"time":"2026-08-23T17:18:58.9940478+05:30","level":"INFO","msg":"api: retrying error","error":"Post \"https://api.wandb.ai/graphql\": dial tcp: lookup api.wandb.ai: no such host"}
{"time":"2026-08-23T17:18:59.818878+05:30","level":"INFO","msg":"api: retrying error","error":"Post \"https://api.wandb.ai/graphql\": dial tcp: lookup api.wandb.ai: no such host"}
{"time":"2026-08-23T17:19:04.3014665+05:30","level":"INFO","msg":"api: retrying error","error":"Post \"https://api.wandb.ai/graphql\": dial tcp: lookup api.wandb.ai: no such host"}
{"time":"2026-08-23T17:19:05.7062731+05:30","level":"INFO","msg":"api: retrying error","error":"Post \"https://api.wandb.ai/graphql\": dial tcp: lookup api.wandb.ai: no such host"}
{"time":"2026-08-23T17:19:09.1306128+05:30","level":"INFO","msg":"api: retrying error","error":"Post \"https://api.wandb.ai/graphql\": dial tcp: lookup api.wandb.ai: no such host"}
{"time":"2026-08-23T17:19:12.3273272+05:30","level":"INFO","msg":"api: retrying error","error":"Post \"https://api.wandb.ai/graphql\": dial tcp: lookup api.wandb.ai: no such host"}
{"time":"2026-08-23T17:19:13.407491+05:30","level":"INFO","msg":"api: retrying error","error":"Post \"https://api.wandb.ai/graphql\": dial tcp: lookup api.wandb.ai: no such host"}
{"time":"2026-08-23T17:19:14.0249835+05:30","level":"INFO","msg":"api: retrying error","error":"Post \"https://api.wandb.ai/graphql\": dial tcp: lookup api.wandb.ai: no such host"}
{"time":"2026-08-23T17:19:14.8161835+05:30","level":"INFO","msg":"api: retrying error","error":"Post \"https://api.wandb.ai/graphql\": dial tcp: lookup api.wandb.ai: no such host"}
{"time":"2026-08-23T17:19:16.2319683+05:30","level":"INFO","msg":"api: retrying error","error":"Post \"https://api.wandb.ai/graphql\": dial tcp: lookup api.wandb.ai: no such host"}
{"time":"2026-08-23T17:19:16.5641399+05:30","level":"INFO","msg":"api: retrying error","error":"Post \"https://api.wandb.ai/graphql\": dial tcp: lookup api.wandb.ai: no such host"}
{"time":"2026-08-23T17:19:18.8010722+05:30","level":"INFO","msg":"api: retrying error","error":"Post \"https://api.wandb.ai/graphql\": dial tcp: lookup api.wandb.ai: no such host"}
{"time":"2026-08-23T17:19:19.6810449+05:30","level":"INFO","msg":"api: retrying error","error":"Post \"https://api.wandb.ai/graphql\": dial tcp: lookup api.wandb.ai: no such host"}
{"time":"2026-08-23T17:19:23.2583161+05:30","level":"INFO","msg":"api: retrying error","error":"Post \"https://api.wandb.ai/graphql\": dial tcp: lookup api.wandb.ai: no such host"}
{"time":"2026-08-23T17:19:23.5067461+05:30","level":"INFO","msg":"api: retrying error","error":"Post \"https://api.wandb.ai/graphql\": dial tcp: lookup api.wandb.ai: no such host"}
{"time":"2026-08-23T17:19:29.8092281+05:30","level":"INFO","msg":"api: retrying error","error":"Post \"https://api.wandb.ai/graphql\": dial tcp: lookup api.wandb.ai: no such host"}
{"time":"2026-08-23T17:19:31.8605313+05:30","level":"INFO","msg":"api: retrying error","error":"Post \"https://api.wandb.ai/graphql\": dial tcp: lookup api.wandb.ai: no such host"}
{"time":"2026-08-23T17:19:34.6359811+05:30","level":"INFO","msg":"api: retrying error","error":"Post \"https://api.wandb.ai/graphql\": dial tcp: lookup api.wandb.ai: no such host"}
{"time":"2026-08-23T17:19:35.5068419+05:30","level":"INFO","msg":"api: retrying error","error":"Post \"https://api.wandb.ai/graphql\": dial tcp: lookup api.wandb.ai: no such host"}
{"time":"2026-08-23T17:19:36.8817598+05:30","level":"INFO","msg":"api: retrying error","error":"Post \"https://api.wandb.ai/graphql\": dial tcp: lookup api.wandb.ai: no such host"}
{"time":"2026-08-23T17:19:37.0497332+05:30","level":"INFO","msg":"api: retrying error","error":"Post \"https://api.wandb.ai/graphql\": dial tcp: lookup api.wandb.ai: no such host"}
{"time":"2026-08-23T17:19:37.523203+05:30","level":"INFO","msg":"api: retrying error","error":"Post \"https://api.wandb.ai/graphql\": dial tcp: lookup api.wandb.ai: no such host"}
{"time":"2026-08-23T17:19:41.5839912+05:30","level":"INFO","msg":"api: retrying error","error":"Post \"https://api.wandb.ai/graphql\": dial tcp: lookup api.wandb.ai: no such host"}
{"time":"2026-08-23T17:19:49.0836856+05:30","level":"INFO","msg":"api: retrying error","error":"Post \"https://api.wandb.ai/graphql\": dial tcp: lookup api.wandb.ai: no such host"}
{"time":"2026-08-23T17:19:49.6291032+05:30","level":"INFO","msg":"api: retrying error","error":"Post \"https://api.wandb.ai/files/rshisode607-government-college-of-engineering-aurangabad/micro-MoRE-poc/krnpgoed/file_stream\": dial tcp: lookup api.wandb.ai: no such host"}
{"time":"2026-08-23T17:19:50.6580854+05:30","level":"INFO","msg":"api: retrying error","error":"Post \"https://api.wandb.ai/graphql\": dial tcp: lookup api.wandb.ai: no such host"}
{"time":"2026-08-23T17:19:51.1727326+05:30","level":"INFO","msg":"api: retrying error","error":"Post \"https://api.wandb.ai/graphql\": dial tcp: lookup api.wandb.ai: no such host"}
{"time":"2026-08-23T17:19:53.6467532+05:30","level":"INFO","msg":"api: retrying error","error":"Post \"https://api.wandb.ai/graphql\": dial tcp: lookup api.wandb.ai: no such host"}
{"time":"2026-08-23T17:19:53.7241223+05:30","level":"INFO","msg":"api: retrying error","error":"Post \"https://api.wandb.ai/graphql\": dial tcp: lookup api.wandb.ai: no such host"}
{"time":"2026-08-23T17:19:55.9975582+05:30","level":"INFO","msg":"api: retrying error","error":"Post \"https://api.wandb.ai/graphql\": dial tcp: lookup api.wandb.ai: no such host"}
{"time":"2026-08-23T17:19:58.9950155+05:30","level":"INFO","msg":"api: retrying error","error":"Post \"https://api.wandb.ai/graphql\": dial tcp: lookup api.wandb.ai: no such host"}
{"time":"2026-08-23T17:20:00.7656096+05:30","level":"INFO","msg":"api: retrying error","error":"Post \"https://api.wandb.ai/graphql\": dial tcp: lookup api.wandb.ai: no such host"}
{"time":"2026-08-23T17:20:02.7845559+05:30","level":"INFO","msg":"api: retrying error","error":"Post \"https://api.wandb.ai/graphql\": dial tcp: lookup api.wandb.ai: no such host"}
{"time":"2026-08-23T17:20:05.7066378+05:30","level":"INFO","msg":"api: retrying error","error":"Post \"https://api.wandb.ai/graphql\": dial tcp: lookup api.wandb.ai: no such host"}
{"time":"2026-08-23T17:20:09.1316946+05:30","level":"INFO","msg":"api: retrying error","error":"Post \"https://api.wandb.ai/graphql\": dial tcp: lookup api.wandb.ai: no such host"}
{"time":"2026-08-23T17:20:09.5749056+05:30","level":"INFO","msg":"api: retrying error","error":"Post \"https://api.wandb.ai/graphql\": dial tcp: lookup api.wandb.ai: no such host"}
{"time":"2026-08-23T17:20:09.9197036+05:30","level":"INFO","msg":"api: retrying error","error":"Post \"https://api.wandb.ai/graphql\": dial tcp: lookup api.wandb.ai: no such host"}
{"time":"2026-08-23T17:20:11.2698558+05:30","level":"INFO","msg":"api: retrying error","error":"Post \"https://api.wandb.ai/graphql\": dial tcp: lookup api.wandb.ai: no such host"}
{"time":"2026-08-23T17:20:12.3281901+05:30","level":"INFO","msg":"api: retrying error","error":"Post \"https://api.wandb.ai/graphql\": dial tcp: lookup api.wandb.ai: no such host"}
{"time":"2026-08-23T17:20:13.3079033+05:30","level":"INFO","msg":"api: retrying error","error":"Post \"https://api.wandb.ai/graphql\": dial tcp: lookup api.wandb.ai: no such host"}
{"time":"2026-08-23T17:20:14.0304455+05:30","level":"INFO","msg":"api: retrying error","error":"Post \"https://api.wandb.ai/graphql\": dial tcp: lookup api.wandb.ai: no such host"}
{"time":"2026-08-23T17:20:16.2337667+05:30","level":"INFO","msg":"api: retrying error","error":"Post \"https://api.wandb.ai/graphql\": dial tcp: lookup api.wandb.ai: no such host"}
{"time":"2026-08-23T17:20:17.7415516+05:30","level":"INFO","msg":"api: retrying error","error":"Post \"https://api.wandb.ai/graphql\": dial tcp: lookup api.wandb.ai: no such host"}
{"time":"2026-08-23T17:20:19.6882678+05:30","level":"INFO","msg":"api: retrying error","error":"Post \"https://api.wandb.ai/graphql\": dial tcp: lookup api.wandb.ai: no such host"}
{"time":"2026-08-23T17:20:23.5079615+05:30","level":"INFO","msg":"api: retrying error","error":"Post \"https://api.wandb.ai/graphql\": dial tcp: lookup api.wandb.ai: no such host"}
{"time":"2026-08-23T17:20:27.4471895+05:30","level":"INFO","msg":"api: retrying error","error":"Post \"https://api.wandb.ai/graphql\": dial tcp: lookup api.wandb.ai: no such host"}
{"time":"2026-08-23T17:20:29.7734888+05:30","level":"INFO","msg":"api: retrying error","error":"Post \"https://api.wandb.ai/graphql\": dial tcp: lookup api.wandb.ai: no such host"}
{"time":"2026-08-23T17:20:30.3291566+05:30","level":"INFO","msg":"api: retrying error","error":"Post \"https://api.wandb.ai/graphql\": dial tcp: lookup api.wandb.ai: no such host"}
{"time":"2026-08-23T17:20:31.1348284+05:30","level":"INFO","msg":"api: retrying error","error":"Post \"https://api.wandb.ai/graphql\": dial tcp: lookup api.wandb.ai: no such host"}
{"time":"2026-08-23T17:20:32.8326774+05:30","level":"INFO","msg":"api: retrying error","error":"Post \"https://api.wandb.ai/graphql\": dial tcp: lookup api.wandb.ai: no such host"}
{"time":"2026-08-23T17:20:35.5072484+05:30","level":"INFO","msg":"api: retrying error","error":"Post \"https://api.wandb.ai/graphql\": dial tcp: lookup api.wandb.ai: no such host"}
{"time":"2026-08-23T17:20:36.8822528+05:30","level":"INFO","msg":"api: retrying error","error":"Post \"https://api.wandb.ai/graphql\": dial tcp: lookup api.wandb.ai: no such host"}
{"time":"2026-08-23T17:20:37.2743624+05:30","level":"INFO","msg":"api: retrying error","error":"Post \"https://api.wandb.ai/graphql\": dial tcp: lookup api.wandb.ai: no such host"}
{"time":"2026-08-23T17:20:37.5244247+05:30","level":"INFO","msg":"api: retrying error","error":"Post \"https://api.wandb.ai/graphql\": dial tcp: lookup api.wandb.ai: no such host"}
{"time":"2026-08-23T17:20:42.1959675+05:30","level":"INFO","msg":"api: retrying error","error":"Post \"https://api.wandb.ai/graphql\": dial tcp: lookup api.wandb.ai: no such host"}
{"time":"2026-08-23T17:20:44.9502154+05:30","level":"INFO","msg":"api: retrying error","error":"Post \"https://api.wandb.ai/graphql\": dial tcp: lookup api.wandb.ai: no such host"}
{"time":"2026-08-23T17:20:45.5094124+05:30","level":"INFO","msg":"api: retrying error","error":"Post \"https://api.wandb.ai/graphql\": dial tcp: lookup api.wandb.ai: no such host"}
{"time":"2026-08-23T17:20:48.0096931+05:30","level":"INFO","msg":"api: retrying error","error":"Post \"https://api.wandb.ai/graphql\": dial tcp: lookup api.wandb.ai: no such host"}
{"time":"2026-08-23T17:20:49.0838541+05:30","level":"INFO","msg":"api: retrying error","error":"Post \"https://api.wandb.ai/graphql\": dial tcp: lookup api.wandb.ai: no such host"}
{"time":"2026-08-23T17:20:49.6356402+05:30","level":"INFO","msg":"api: retrying error","error":"Post \"https://api.wandb.ai/files/rshisode607-government-college-of-engineering-aurangabad/micro-MoRE-poc/krnpgoed/file_stream\": dial tcp: lookup api.wandb.ai: no such host"}
{"time":"2026-08-23T17:20:50.1537503+05:30","level":"INFO","msg":"api: retrying error","error":"Post \"https://api.wandb.ai/graphql\": dial tcp: lookup api.wandb.ai: no such host"}
{"time":"2026-08-23T17:20:53.65444+05:30","level":"INFO","msg":"api: retrying error","error":"Post \"https://api.wandb.ai/graphql\": dial tcp: lookup api.wandb.ai: no such host"}
{"time":"2026-08-23T17:20:55.0584846+05:30","level":"INFO","msg":"api: retrying error","error":"Post \"https://api.wandb.ai/graphql\": dial tcp: lookup api.wandb.ai: no such host"}
{"time":"2026-08-23T17:20:58.9968741+05:30","level":"INFO","msg":"api: retrying error","error":"Post \"https://api.wandb.ai/graphql\": dial tcp: lookup api.wandb.ai: no such host"}
{"time":"2026-08-23T17:21:02.7856832+05:30","level":"INFO","msg":"api: retrying error","error":"Post \"https://api.wandb.ai/graphql\": dial tcp: lookup api.wandb.ai: no such host"}
{"time":"2026-08-23T17:21:04.7675529+05:30","level":"INFO","msg":"api: retrying error","error":"Post \"https://api.wandb.ai/graphql\": dial tcp: lookup api.wandb.ai: no such host"}
{"time":"2026-08-23T17:21:04.9179576+05:30","level":"INFO","msg":"api: retrying error","error":"Post \"https://api.wandb.ai/graphql\": dial tcp: lookup api.wandb.ai: no such host"}
{"time":"2026-08-23T17:21:05.7085556+05:30","level":"INFO","msg":"api: retrying error","error":"Post \"https://api.wandb.ai/graphql\": dial tcp: lookup api.wandb.ai: no such host"}
{"time":"2026-08-23T17:21:07.0779971+05:30","level":"INFO","msg":"api: retrying error","error":"Post \"https://api.wandb.ai/graphql\": dial tcp: lookup api.wandb.ai: no such host"}
{"time":"2026-08-23T17:21:09.0006595+05:30","level":"INFO","msg":"api: retrying error","error":"Post \"https://api.wandb.ai/graphql\": dial tcp: lookup api.wandb.ai: no such host"}
{"time":"2026-08-23T17:21:09.0838331+05:30","level":"INFO","msg":"api: retrying error","error":"Post \"https://api.wandb.ai/graphql\": dial tcp: lookup api.wandb.ai: no such host"}
{"time":"2026-08-23T17:21:09.1332908+05:30","level":"INFO","msg":"api: retrying error","error":"Post \"https://api.wandb.ai/graphql\": dial tcp: lookup api.wandb.ai: no such host"}
{"time":"2026-08-23T17:21:12.3333637+05:30","level":"INFO","msg":"api: retrying error","error":"Post \"https://api.wandb.ai/graphql\": dial tcp: lookup api.wandb.ai: no such host"}
{"time":"2026-08-23T17:21:13.5747809+05:30","level":"INFO","msg":"api: retrying error","error":"Post \"https://api.wandb.ai/graphql\": dial tcp: lookup api.wandb.ai: no such host"}
{"time":"2026-08-23T17:21:14.0320689+05:30","level":"INFO","msg":"api: retrying error","error":"Post \"https://api.wandb.ai/graphql\": dial tcp: lookup api.wandb.ai: no such host"}
{"time":"2026-08-23T17:21:16.2354627+05:30","level":"INFO","msg":"api: retrying error","error":"Post \"https://api.wandb.ai/graphql\": dial tcp: lookup api.wandb.ai: no such host"}
{"time":"2026-08-23T17:21:19.6171675+05:30","level":"INFO","msg":"api: retrying error","error":"Post \"https://api.wandb.ai/graphql\": dial tcp: lookup api.wandb.ai: no such host"}
{"time":"2026-08-23T17:21:19.6926716+05:30","level":"INFO","msg":"api: retrying error","error":"Post \"https://api.wandb.ai/graphql\": dial tcp: lookup api.wandb.ai: no such host"}
{"time":"2026-08-23T17:21:22.6292938+05:30","level":"INFO","msg":"api: retrying error","error":"Post \"https://api.wandb.ai/graphql\": dial tcp: lookup api.wandb.ai: no such host"}
{"time":"2026-08-23T17:21:23.5088544+05:30","level":"INFO","msg":"api: retrying error","error":"Post \"https://api.wandb.ai/graphql\": dial tcp: lookup api.wandb.ai: no such host"}
{"time":"2026-08-23T17:21:23.5677188+05:30","level":"INFO","msg":"api: retrying error","error":"Post \"https://api.wandb.ai/graphql\": dial tcp: lookup api.wandb.ai: no such host"}
{"time":"2026-08-23T17:21:24.9120942+05:30","level":"INFO","msg":"api: retrying error","error":"Post \"https://api.wandb.ai/graphql\": dial tcp: lookup api.wandb.ai: no such host"}
{"time":"2026-08-23T17:21:27.4097188+05:30","level":"INFO","msg":"api: retrying error","error":"Post \"https://api.wandb.ai/graphql\": dial tcp: lookup api.wandb.ai: no such host"}
{"time":"2026-08-23T17:21:31.1408859+05:30","level":"INFO","msg":"api: retrying error","error":"Post \"https://api.wandb.ai/graphql\": dial tcp: lookup api.wandb.ai: no such host"}
{"time":"2026-08-23T17:21:31.6138488+05:30","level":"INFO","msg":"api: retrying error","error":"Post \"https://api.wandb.ai/graphql\": dial tcp: lookup api.wandb.ai: no such host"}
{"time":"2026-08-23T17:21:35.5074838+05:30","level":"INFO","msg":"api: retrying error","error":"Post \"https://api.wandb.ai/graphql\": dial tcp: lookup api.wandb.ai: no such host"}
{"time":"2026-08-23T17:21:36.889943+05:30","level":"INFO","msg":"api: retrying error","error":"Post \"https://api.wandb.ai/graphql\": dial tcp: lookup api.wandb.ai: no such host"}
{"time":"2026-08-23T17:21:37.5254642+05:30","level":"INFO","msg":"api: retrying error","error":"Post \"https://api.wandb.ai/graphql\": dial tcp: lookup api.wandb.ai: no such host"}
{"time":"2026-08-23T17:21:40.2432343+05:30","level":"INFO","msg":"api: retrying error","error":"Post \"https://api.wandb.ai/graphql\": dial tcp: lookup api.wandb.ai: no such host"}
{"time":"2026-08-23T17:21:40.6757613+05:30","level":"INFO","msg":"api: retrying error","error":"Post \"https://api.wandb.ai/graphql\": dial tcp: lookup api.wandb.ai: no such host"}
{"time":"2026-08-23T17:21:41.0502957+05:30","level":"INFO","msg":"api: retrying error","error":"Post \"https://api.wandb.ai/graphql\": dial tcp: lookup api.wandb.ai: no such host"}
{"time":"2026-08-23T17:21:42.2026875+05:30","level":"INFO","msg":"api: retrying error","error":"Post \"https://api.wandb.ai/graphql\": dial tcp: lookup api.wandb.ai: no such host"}
{"time":"2026-08-23T17:21:43.966045+05:30","level":"INFO","msg":"api: retrying error","error":"Post \"https://api.wandb.ai/graphql\": dial tcp: lookup api.wandb.ai: no such host"}
{"time":"2026-08-23T17:21:46.0614175+05:30","level":"INFO","msg":"api: retrying error","error":"Post \"https://api.wandb.ai/graphql\": dial tcp: lookup api.wandb.ai: no such host"}
{"time":"2026-08-23T17:21:49.089501+05:30","level":"INFO","msg":"api: retrying error","error":"Post \"https://api.wandb.ai/graphql\": dial tcp: lookup api.wandb.ai: no such host"}
{"time":"2026-08-23T17:21:49.6421706+05:30","level":"INFO","msg":"api: retrying error","error":"Post \"https://api.wandb.ai/files/rshisode607-government-college-of-engineering-aurangabad/micro-MoRE-poc/krnpgoed/file_stream\": dial tcp: lookup api.wandb.ai: no such host"}
{"time":"2026-08-23T17:21:50.5492616+05:30","level":"INFO","msg":"api: retrying error","error":"Post \"https://api.wandb.ai/graphql\": dial tcp: lookup api.wandb.ai: no such host"}
{"time":"2026-08-23T17:21:53.6555313+05:30","level":"INFO","msg":"api: retrying error","error":"Post \"https://api.wandb.ai/graphql\": dial tcp: lookup api.wandb.ai: no such host"}
{"time":"2026-08-23T17:21:56.3087388+05:30","level":"INFO","msg":"api: retrying error","error":"Post \"https://api.wandb.ai/graphql\": dial tcp: lookup api.wandb.ai: no such host"}
{"time":"2026-08-23T17:21:57.8623848+05:30","level":"INFO","msg":"api: retrying error","error":"Post \"https://api.wandb.ai/graphql\": dial tcp: lookup api.wandb.ai: no such host"}
{"time":"2026-08-23T17:21:58.9979069+05:30","level":"INFO","msg":"api: retrying error","error":"Post \"https://api.wandb.ai/graphql\": dial tcp: lookup api.wandb.ai: no such host"}
{"time":"2026-08-23T17:21:59.5500445+05:30","level":"INFO","msg":"api: retrying error","error":"Post \"https://api.wandb.ai/graphql\": dial tcp: lookup api.wandb.ai: no such host"}
{"time":"2026-08-23T17:22:01.4650205+05:30","level":"INFO","msg":"api: retrying error","error":"Post \"https://api.wandb.ai/graphql\": dial tcp: lookup api.wandb.ai: no such host"}
{"time":"2026-08-23T17:22:02.7859221+05:30","level":"INFO","msg":"api: retrying error","error":"Post \"https://api.wandb.ai/graphql\": dial tcp: lookup api.wandb.ai: no such host"}
{"time":"2026-08-23T17:22:03.8555683+05:30","level":"INFO","msg":"api: retrying error","error":"Post \"https://api.wandb.ai/graphql\": dial tcp: lookup api.wandb.ai: no such host"}
{"time":"2026-08-23T17:22:05.7104596+05:30","level":"INFO","msg":"api: retrying error","error":"Post \"https://api.wandb.ai/graphql\": dial tcp: lookup api.wandb.ai: no such host"}
{"time":"2026-08-23T17:22:08.5543176+05:30","level":"INFO","msg":"api: retrying error","error":"Post \"https://api.wandb.ai/graphql\": dial tcp: lookup api.wandb.ai: no such host"}
{"time":"2026-08-23T17:22:09.0017808+05:30","level":"INFO","msg":"api: retrying error","error":"Post \"https://api.wandb.ai/graphql\": dial tcp: lookup api.wandb.ai: no such host"}
{"time":"2026-08-23T17:22:09.1345137+05:30","level":"INFO","msg":"api: retrying error","error":"Post \"https://api.wandb.ai/graphql\": dial tcp: lookup api.wandb.ai: no such host"}
{"time":"2026-08-23T17:22:12.3346131+05:30","level":"INFO","msg":"api: retrying error","error":"Post \"https://api.wandb.ai/graphql\": dial tcp: lookup api.wandb.ai: no such host"}
{"time":"2026-08-23T17:22:14.0374792+05:30","level":"INFO","msg":"api: retrying error","error":"Post \"https://api.wandb.ai/graphql\": dial tcp: lookup api.wandb.ai: no such host"}
{"time":"2026-08-23T17:22:16.2362235+05:30","level":"INFO","msg":"api: retrying error","error":"Post \"https://api.wandb.ai/graphql\": dial tcp: lookup api.wandb.ai: no such host"}
{"time":"2026-08-23T17:22:16.4398043+05:30","level":"INFO","msg":"api: retrying error","error":"Post \"https://api.wandb.ai/graphql\": dial tcp: lookup api.wandb.ai: no such host"}
{"time":"2026-08-23T17:22:17.5112737+05:30","level":"INFO","msg":"api: retrying error","error":"Post \"https://api.wandb.ai/graphql\": dial tcp: lookup api.wandb.ai: no such host"}
{"time":"2026-08-23T17:22:18.7420419+05:30","level":"INFO","msg":"api: retrying error","error":"Post \"https://api.wandb.ai/graphql\": dial tcp: lookup api.wandb.ai: no such host"}
{"time":"2026-08-23T17:22:19.634712+05:30","level":"INFO","msg":"api: retrying error","error":"Post \"https://api.wandb.ai/graphql\": dial tcp: lookup api.wandb.ai: no such host"}
{"time":"2026-08-23T17:22:19.693378+05:30","level":"INFO","msg":"api: retrying error","error":"Post \"https://api.wandb.ai/graphql\": dial tcp: lookup api.wandb.ai: no such host"}
{"time":"2026-08-23T17:22:20.5310957+05:30","level":"INFO","msg":"api: retrying error","error":"Post \"https://api.wandb.ai/graphql\": dial tcp: lookup api.wandb.ai: no such host"}
{"time":"2026-08-23T17:22:22.9274717+05:30","level":"INFO","msg":"api: retrying error","error":"Post \"https://api.wandb.ai/graphql\": dial tcp: lookup api.wandb.ai: no such host"}
{"time":"2026-08-23T17:22:23.5089586+05:30","level":"INFO","msg":"api: retrying error","error":"Post \"https://api.wandb.ai/graphql\": dial tcp: lookup api.wandb.ai: no such host"}
{"time":"2026-08-23T17:22:27.7732201+05:30","level":"INFO","msg":"api: retrying error","error":"Post \"https://api.wandb.ai/graphql\": dial tcp: lookup api.wandb.ai: no such host"}
{"time":"2026-08-23T17:22:28.449494+05:30","level":"INFO","msg":"api: retrying error","error":"Post \"https://api.wandb.ai/graphql\": dial tcp: lookup api.wandb.ai: no such host"}
{"time":"2026-08-23T17:22:31.1412268+05:30","level":"INFO","msg":"api: retrying error","error":"Post \"https://api.wandb.ai/graphql\": dial tcp: lookup api.wandb.ai: no such host"}
{"time":"2026-08-23T17:22:34.9364274+05:30","level":"INFO","msg":"api: retrying error","error":"Post \"https://api.wandb.ai/graphql\": dial tcp: lookup api.wandb.ai: no such host"}
{"time":"2026-08-23T17:22:35.5086627+05:30","level":"INFO","msg":"api: retrying error","error":"Post \"https://api.wandb.ai/graphql\": dial tcp: lookup api.wandb.ai: no such host"}
{"time":"2026-08-23T17:22:36.8909145+05:30","level":"INFO","msg":"api: retrying error","error":"Post \"https://api.wandb.ai/graphql\": dial tcp: lookup api.wandb.ai: no such host"}
{"time":"2026-08-23T17:22:37.3021961+05:30","level":"INFO","msg":"api: retrying error","error":"Post \"https://api.wandb.ai/graphql\": dial tcp: lookup api.wandb.ai: no such host"}
{"time":"2026-08-23T17:22:37.5268357+05:30","level":"INFO","msg":"api: retrying error","error":"Post \"https://api.wandb.ai/graphql\": dial tcp: lookup api.wandb.ai: no such host"}
{"time":"2026-08-23T17:22:37.8127951+05:30","level":"INFO","msg":"api: retrying error","error":"Post \"https://api.wandb.ai/graphql\": dial tcp: lookup api.wandb.ai: no such host"}
{"time":"2026-08-23T17:22:39.9242042+05:30","level":"INFO","msg":"api: retrying error","error":"Post \"https://api.wandb.ai/graphql\": dial tcp: lookup api.wandb.ai: no such host"}
{"time":"2026-08-23T17:22:41.051852+05:30","level":"INFO","msg":"api: retrying error","error":"Post \"https://api.wandb.ai/graphql\": dial tcp: lookup api.wandb.ai: no such host"}
{"time":"2026-08-23T17:22:42.2029581+05:30","level":"INFO","msg":"api: retrying error","error":"Post \"https://api.wandb.ai/graphql\": dial tcp: lookup api.wandb.ai: no such host"}
{"time":"2026-08-23T17:22:44.4595849+05:30","level":"INFO","msg":"api: retrying error","error":"Post \"https://api.wandb.ai/graphql\": dial tcp: lookup api.wandb.ai: no such host"}
{"time":"2026-08-23T17:22:49.090737+05:30","level":"INFO","msg":"api: retrying error","error":"Post \"https://api.wandb.ai/graphql\": dial tcp: lookup api.wandb.ai: no such host"}
{"time":"2026-08-23T17:22:49.6435631+05:30","level":"INFO","msg":"api: retrying error","error":"Post \"https://api.wandb.ai/files/rshisode607-government-college-of-engineering-aurangabad/micro-MoRE-poc/krnpgoed/file_stream\": dial tcp: lookup api.wandb.ai: no such host"}
{"time":"2026-08-23T17:22:53.4905855+05:30","level":"INFO","msg":"api: retrying error","error":"Post \"https://api.wandb.ai/graphql\": dial tcp: lookup api.wandb.ai: no such host"}
{"time":"2026-08-23T17:22:53.6571088+05:30","level":"INFO","msg":"api: retrying error","error":"Post \"https://api.wandb.ai/graphql\": dial tcp: lookup api.wandb.ai: no such host"}
{"time":"2026-08-23T17:22:53.9726342+05:30","level":"INFO","msg":"api: retrying error","error":"Post \"https://api.wandb.ai/graphql\": dial tcp: lookup api.wandb.ai: no such host"}
{"time":"2026-08-23T17:22:54.1333393+05:30","level":"INFO","msg":"api: retrying error","error":"Post \"https://api.wandb.ai/graphql\": dial tcp: lookup api.wandb.ai: no such host"}
{"time":"2026-08-23T17:22:56.8867894+05:30","level":"INFO","msg":"api: retrying error","error":"Post \"https://api.wandb.ai/graphql\": dial tcp: lookup api.wandb.ai: no such host"}
{"time":"2026-08-23T17:22:57.8634335+05:30","level":"INFO","msg":"api: retrying error","error":"Post \"https://api.wandb.ai/graphql\": dial tcp: lookup api.wandb.ai: no such host"}
{"time":"2026-08-23T17:22:58.999338+05:30","level":"INFO","msg":"api: retrying error","error":"Post \"https://api.wandb.ai/graphql\": dial tcp: lookup api.wandb.ai: no such host"}
{"time":"2026-08-23T17:22:59.346968+05:30","level":"INFO","msg":"api: retrying error","error":"Post \"https://api.wandb.ai/graphql\": dial tcp: lookup api.wandb.ai: no such host"}
{"time":"2026-08-23T17:23:02.7875914+05:30","level":"INFO","msg":"api: retrying error","error":"Post \"https://api.wandb.ai/graphql\": dial tcp: lookup api.wandb.ai: no such host"}
{"time":"2026-08-23T17:23:04.2960668+05:30","level":"INFO","msg":"api: retrying error","error":"Post \"https://api.wandb.ai/graphql\": dial tcp: lookup api.wandb.ai: no such host"}
{"time":"2026-08-23T17:23:05.7180228+05:30","level":"INFO","msg":"api: retrying error","error":"Post \"https://api.wandb.ai/graphql\": dial tcp: lookup api.wandb.ai: no such host"}
{"time":"2026-08-23T17:23:07.157155+05:30","level":"INFO","msg":"api: retrying error","error":"Post \"https://api.wandb.ai/graphql\": dial tcp: lookup api.wandb.ai: no such host"}
{"time":"2026-08-23T17:23:09.0033727+05:30","level":"INFO","msg":"api: retrying error","error":"Post \"https://api.wandb.ai/graphql\": dial tcp: lookup api.wandb.ai: no such host"}
{"time":"2026-08-23T17:23:09.1359387+05:30","level":"INFO","msg":"api: retrying error","error":"Post \"https://api.wandb.ai/graphql\": dial tcp: lookup api.wandb.ai: no such host"}
{"time":"2026-08-23T17:23:12.3404281+05:30","level":"INFO","msg":"api: retrying error","error":"Post \"https://api.wandb.ai/graphql\": dial tcp: lookup api.wandb.ai: no such host"}
{"time":"2026-08-23T17:23:12.4455407+05:30","level":"INFO","msg":"api: retrying error","error":"Post \"https://api.wandb.ai/graphql\": dial tcp: lookup api.wandb.ai: no such host"}
{"time":"2026-08-23T17:23:12.6017309+05:30","level":"INFO","msg":"api: retrying error","error":"Post \"https://api.wandb.ai/graphql\": dial tcp: lookup api.wandb.ai: no such host"}
{"time":"2026-08-23T17:23:14.0386571+05:30","level":"INFO","msg":"api: retrying error","error":"Post \"https://api.wandb.ai/graphql\": dial tcp: lookup api.wandb.ai: no such host"}
{"time":"2026-08-23T17:23:14.9358282+05:30","level":"INFO","msg":"api: retrying error","error":"Post \"https://api.wandb.ai/graphql\": dial tcp: lookup api.wandb.ai: no such host"}
{"time":"2026-08-23T17:23:16.2373833+05:30","level":"INFO","msg":"api: retrying error","error":"Post \"https://api.wandb.ai/graphql\": dial tcp: lookup api.wandb.ai: no such host"}
{"time":"2026-08-23T17:23:16.4409002+05:30","level":"INFO","msg":"api: retrying error","error":"Post \"https://api.wandb.ai/graphql\": dial tcp: lookup api.wandb.ai: no such host"}
{"time":"2026-08-23T17:23:17.3885352+05:30","level":"INFO","msg":"api: retrying error","error":"Post \"https://api.wandb.ai/graphql\": dial tcp: lookup api.wandb.ai: no such host"}
{"time":"2026-08-23T17:23:19.6409766+05:30","level":"INFO","msg":"api: retrying error","error":"Post \"https://api.wandb.ai/graphql\": dial tcp: lookup api.wandb.ai: no such host"}
{"time":"2026-08-23T17:23:19.6947137+05:30","level":"INFO","msg":"api: retrying error","error":"Post \"https://api.wandb.ai/graphql\": dial tcp: lookup api.wandb.ai: no such host"}
{"time":"2026-08-23T17:23:21.5134639+05:30","level":"INFO","msg":"api: retrying error","error":"Post \"https://api.wandb.ai/graphql\": dial tcp: lookup api.wandb.ai: no such host"}
{"time":"2026-08-23T17:23:23.5153317+05:30","level":"INFO","msg":"api: retrying error","error":"Post \"https://api.wandb.ai/graphql\": dial tcp: lookup api.wandb.ai: no such host"}
{"time":"2026-08-23T17:23:28.4129816+05:30","level":"INFO","msg":"api: retrying error","error":"Post \"https://api.wandb.ai/graphql\": dial tcp: lookup api.wandb.ai: no such host"}
{"time":"2026-08-23T17:23:28.4501614+05:30","level":"INFO","msg":"api: retrying error","error":"Post \"https://api.wandb.ai/graphql\": dial tcp: lookup api.wandb.ai: no such host"}
{"time":"2026-08-23T17:23:29.5820936+05:30","level":"INFO","msg":"api: retrying error","error":"Post \"https://api.wandb.ai/graphql\": dial tcp: lookup api.wandb.ai: no such host"}
{"time":"2026-08-23T17:23:30.6977886+05:30","level":"INFO","msg":"api: retrying error","error":"Post \"https://api.wandb.ai/graphql\": dial tcp: lookup api.wandb.ai: no such host"}
{"time":"2026-08-23T17:23:31.1427042+05:30","level":"INFO","msg":"api: retrying error","error":"Post \"https://api.wandb.ai/graphql\": dial tcp: lookup api.wandb.ai: no such host"}
{"time":"2026-08-23T17:23:33.9893826+05:30","level":"INFO","msg":"api: retrying error","error":"Post \"https://api.wandb.ai/graphql\": dial tcp: lookup api.wandb.ai: no such host"}
{"time":"2026-08-23T17:23:35.5153423+05:30","level":"INFO","msg":"api: retrying error","error":"Post \"https://api.wandb.ai/graphql\": dial tcp: lookup api.wandb.ai: no such host"}
{"time":"2026-08-23T17:23:36.4733266+05:30","level":"INFO","msg":"api: retrying error","error":"Post \"https://api.wandb.ai/graphql\": dial tcp: lookup api.wandb.ai: no such host"}
{"time":"2026-08-23T17:23:36.8911049+05:30","level":"INFO","msg":"api: retrying error","error":"Post \"https://api.wandb.ai/graphql\": dial tcp: lookup api.wandb.ai: no such host"}
{"time":"2026-08-23T17:23:37.5276485+05:30","level":"INFO","msg":"api: retrying error","error":"Post \"https://api.wandb.ai/graphql\": dial tcp: lookup api.wandb.ai: no such host"}
{"time":"2026-08-23T17:23:40.8299426+05:30","level":"INFO","msg":"api: retrying error","error":"Post \"https://api.wandb.ai/graphql\": dial tcp: lookup api.wandb.ai: no such host"}
{"time":"2026-08-23T17:23:41.0523574+05:30","level":"INFO","msg":"api: retrying error","error":"Post \"https://api.wandb.ai/graphql\": dial tcp: lookup api.wandb.ai: no such host"}
{"time":"2026-08-23T17:23:42.203473+05:30","level":"INFO","msg":"api: retrying error","error":"Post \"https://api.wandb.ai/graphql\": dial tcp: lookup api.wandb.ai: no such host"}
{"time":"2026-08-23T17:23:48.6527844+05:30","level":"INFO","msg":"api: retrying error","error":"Post \"https://api.wandb.ai/graphql\": dial tcp: lookup api.wandb.ai: no such host"}
{"time":"2026-08-23T17:23:49.0917251+05:30","level":"INFO","msg":"api: retrying error","error":"Post \"https://api.wandb.ai/graphql\": dial tcp: lookup api.wandb.ai: no such host"}
{"time":"2026-08-23T17:23:49.5820449+05:30","level":"INFO","msg":"api: retrying error","error":"Post \"https://api.wandb.ai/graphql\": dial tcp: lookup api.wandb.ai: no such host"}
{"time":"2026-08-23T17:23:49.6446768+05:30","level":"INFO","msg":"api: retrying error","error":"Post \"https://api.wandb.ai/files/rshisode607-government-college-of-engineering-aurangabad/micro-MoRE-poc/krnpgoed/file_stream\": dial tcp: lookup api.wandb.ai: no such host"}
{"time":"2026-08-23T17:23:50.7261973+05:30","level":"INFO","msg":"api: retrying error","error":"Post \"https://api.wandb.ai/graphql\": dial tcp: lookup api.wandb.ai: no such host"}
{"time":"2026-08-23T17:23:51.5564453+05:30","level":"INFO","msg":"api: retrying error","error":"Post \"https://api.wandb.ai/graphql\": dial tcp: lookup api.wandb.ai: no such host"}
{"time":"2026-08-23T17:23:53.657683+05:30","level":"INFO","msg":"api: retrying error","error":"Post \"https://api.wandb.ai/graphql\": dial tcp: lookup api.wandb.ai: no such host"}
{"time":"2026-08-23T17:23:53.6932999+05:30","level":"INFO","msg":"api: retrying error","error":"Post \"https://api.wandb.ai/graphql\": dial tcp: lookup api.wandb.ai: no such host"}
{"time":"2026-08-23T17:23:54.1343519+05:30","level":"INFO","msg":"api: retrying error","error":"Post \"https://api.wandb.ai/graphql\": dial tcp: lookup api.wandb.ai: no such host"}
{"time":"2026-08-23T17:23:57.8648487+05:30","level":"INFO","msg":"api: retrying error","error":"Post \"https://api.wandb.ai/graphql\": dial tcp: lookup api.wandb.ai: no such host"}
{"time":"2026-08-23T17:23:58.478559+05:30","level":"INFO","msg":"api: retrying error","error":"Post \"https://api.wandb.ai/graphql\": dial tcp: lookup api.wandb.ai: no such host"}
{"time":"2026-08-23T17:23:59.0051675+05:30","level":"INFO","msg":"api: retrying error","error":"Post \"https://api.wandb.ai/graphql\": dial tcp: lookup api.wandb.ai: no such host"}
{"time":"2026-08-23T17:24:02.7884447+05:30","level":"INFO","msg":"api: retrying error","error":"Post \"https://api.wandb.ai/graphql\": dial tcp: lookup api.wandb.ai: no such host"}
{"time":"2026-08-23T17:24:05.7239642+05:30","level":"INFO","msg":"api: retrying error","error":"Post \"https://api.wandb.ai/graphql\": dial tcp: lookup api.wandb.ai: no such host"}
{"time":"2026-08-23T17:24:07.0994199+05:30","level":"INFO","msg":"api: retrying error","error":"Post \"https://api.wandb.ai/graphql\": dial tcp: lookup api.wandb.ai: no such host"}
{"time":"2026-08-23T17:24:07.1581786+05:30","level":"INFO","msg":"api: retrying error","error":"Post \"https://api.wandb.ai/graphql\": dial tcp: lookup api.wandb.ai: no such host"}
{"time":"2026-08-23T17:24:08.2427649+05:30","level":"INFO","msg":"api: retrying error","error":"Post \"https://api.wandb.ai/graphql\": dial tcp: lookup api.wandb.ai: no such host"}
{"time":"2026-08-23T17:24:09.0037944+05:30","level":"INFO","msg":"api: retrying error","error":"Post \"https://api.wandb.ai/graphql\": dial tcp: lookup api.wandb.ai: no such host"}
{"time":"2026-08-23T17:24:09.1364478+05:30","level":"INFO","msg":"api: retrying error","error":"Post \"https://api.wandb.ai/graphql\": dial tcp: lookup api.wandb.ai: no such host"}
{"time":"2026-08-23T17:24:09.5610768+05:30","level":"INFO","msg":"api: retrying error","error":"Post \"https://api.wandb.ai/graphql\": dial tcp: lookup api.wandb.ai: no such host"}
{"time":"2026-08-23T17:24:10.6305051+05:30","level":"INFO","msg":"api: retrying error","error":"Post \"https://api.wandb.ai/graphql\": dial tcp: lookup api.wandb.ai: no such host"}
{"time":"2026-08-23T17:24:12.3457512+05:30","level":"INFO","msg":"api: retrying error","error":"Post \"https://api.wandb.ai/graphql\": dial tcp: lookup api.wandb.ai: no such host"}
{"time":"2026-08-23T17:24:13.0922417+05:30","level":"INFO","msg":"api: retrying error","error":"Post \"https://api.wandb.ai/graphql\": dial tcp: lookup api.wandb.ai: no such host"}
{"time":"2026-08-23T17:24:14.0390542+05:30","level":"INFO","msg":"api: retrying error","error":"Post \"https://api.wandb.ai/graphql\": dial tcp: lookup api.wandb.ai: no such host"}
{"time":"2026-08-23T17:24:16.2375129+05:30","level":"INFO","msg":"api: retrying error","error":"Post \"https://api.wandb.ai/graphql\": dial tcp: lookup api.wandb.ai: no such host"}
{"time":"2026-08-23T17:24:16.4411225+05:30","level":"INFO","msg":"api: retrying error","error":"Post \"https://api.wandb.ai/graphql\": dial tcp: lookup api.wandb.ai: no such host"}
{"time":"2026-08-23T17:24:17.9058362+05:30","level":"INFO","msg":"api: retrying error","error":"Post \"https://api.wandb.ai/graphql\": dial tcp: lookup api.wandb.ai: no such host"}
{"time":"2026-08-23T17:24:19.6492909+05:30","level":"INFO","msg":"api: retrying error","error":"Post \"https://api.wandb.ai/graphql\": dial tcp: lookup api.wandb.ai: no such host"}
{"time":"2026-08-23T17:24:19.6958555+05:30","level":"INFO","msg":"api: retrying error","error":"Post \"https://api.wandb.ai/graphql\": dial tcp: lookup api.wandb.ai: no such host"}
{"time":"2026-08-23T17:24:22.2499814+05:30","level":"INFO","msg":"api: retrying error","error":"Post \"https://api.wandb.ai/graphql\": dial tcp: lookup api.wandb.ai: no such host"}
{"time":"2026-08-23T17:24:23.5164265+05:30","level":"INFO","msg":"api: retrying error","error":"Post \"https://api.wandb.ai/graphql\": dial tcp: lookup api.wandb.ai: no such host"}
{"time":"2026-08-23T17:24:23.7450607+05:30","level":"INFO","msg":"api: retrying error","error":"Post \"https://api.wandb.ai/graphql\": dial tcp: lookup api.wandb.ai: no such host"}
{"time":"2026-08-23T17:24:27.0250436+05:30","level":"INFO","msg":"api: retrying error","error":"Post \"https://api.wandb.ai/graphql\": dial tcp: lookup api.wandb.ai: no such host"}
{"time":"2026-08-23T17:24:27.9359408+05:30","level":"INFO","msg":"api: retrying error","error":"Post \"https://api.wandb.ai/graphql\": dial tcp: lookup api.wandb.ai: no such host"}
{"time":"2026-08-23T17:24:28.4189476+05:30","level":"INFO","msg":"api: retrying error","error":"Post \"https://api.wandb.ai/graphql\": dial tcp: lookup api.wandb.ai: no such host"}
{"time":"2026-08-23T17:24:28.4511546+05:30","level":"INFO","msg":"api: retrying error","error":"Post \"https://api.wandb.ai/graphql\": dial tcp: lookup api.wandb.ai: no such host"}
{"time":"2026-08-23T17:24:30.0001181+05:30","level":"INFO","msg":"api: retrying error","error":"Post \"https://api.wandb.ai/graphql\": dial tcp: lookup api.wandb.ai: no such host"}
{"time":"2026-08-23T17:24:31.1427921+05:30","level":"INFO","msg":"api: retrying error","error":"Post \"https://api.wandb.ai/graphql\": dial tcp: lookup api.wandb.ai: no such host"}
{"time":"2026-08-23T17:24:34.0287086+05:30","level":"INFO","msg":"api: retrying error","error":"Post \"https://api.wandb.ai/graphql\": dial tcp: lookup api.wandb.ai: no such host"}
{"time":"2026-08-23T17:24:35.5171531+05:30","level":"INFO","msg":"api: retrying error","error":"Post \"https://api.wandb.ai/graphql\": dial tcp: lookup api.wandb.ai: no such host"}
{"time":"2026-08-23T17:24:36.8919297+05:30","level":"INFO","msg":"api: retrying error","error":"Post \"https://api.wandb.ai/graphql\": dial tcp: lookup api.wandb.ai: no such host"}
{"time":"2026-08-23T17:24:37.5278232+05:30","level":"INFO","msg":"api: retrying error","error":"Post \"https://api.wandb.ai/graphql\": dial tcp: lookup api.wandb.ai: no such host"}
{"time":"2026-08-23T17:24:41.0526142+05:30","level":"INFO","msg":"api: retrying error","error":"Post \"https://api.wandb.ai/graphql\": dial tcp: lookup api.wandb.ai: no such host"}
{"time":"2026-08-23T17:24:42.2048469+05:30","level":"INFO","msg":"api: retrying error","error":"Post \"https://api.wandb.ai/graphql\": dial tcp: lookup api.wandb.ai: no such host"}
{"time":"2026-08-23T17:24:42.9857696+05:30","level":"INFO","msg":"api: retrying error","error":"Post \"https://api.wandb.ai/graphql\": dial tcp: lookup api.wandb.ai: no such host"}
{"time":"2026-08-23T17:24:43.3605457+05:30","level":"INFO","msg":"api: retrying error","error":"Post \"https://api.wandb.ai/graphql\": dial tcp: lookup api.wandb.ai: no such host"}
{"time":"2026-08-23T17:24:47.0220732+05:30","level":"INFO","msg":"api: retrying error","error":"Post \"https://api.wandb.ai/graphql\": dial tcp: lookup api.wandb.ai: no such host"}
{"time":"2026-08-23T17:24:47.5856482+05:30","level":"INFO","msg":"api: retrying error","error":"Post \"https://api.wandb.ai/graphql\": dial tcp: lookup api.wandb.ai: no such host"}
{"time":"2026-08-23T17:24:49.0926937+05:30","level":"INFO","msg":"api: retrying error","error":"Post \"https://api.wandb.ai/graphql\": dial tcp: lookup api.wandb.ai: no such host"}
{"time":"2026-08-23T17:24:49.3344285+05:30","level":"INFO","msg":"api: retrying error","error":"Post \"https://api.wandb.ai/graphql\": dial tcp: lookup api.wandb.ai: no such host"}
{"time":"2026-08-23T17:24:49.651663+05:30","level":"INFO","msg":"api: retrying error","error":"Post \"https://api.wandb.ai/files/rshisode607-government-college-of-engineering-aurangabad/micro-MoRE-poc/krnpgoed/file_stream\": dial tcp: lookup api.wandb.ai: no such host"}
{"time":"2026-08-23T17:24:50.727192+05:30","level":"INFO","msg":"api: retrying error","error":"Post \"https://api.wandb.ai/graphql\": dial tcp: lookup api.wandb.ai: no such host"}
{"time":"2026-08-23T17:24:53.6648782+05:30","level":"INFO","msg":"api: retrying error","error":"Post \"https://api.wandb.ai/graphql\": dial tcp: lookup api.wandb.ai: no such host"}
{"time":"2026-08-23T17:24:54.1052917+05:30","level":"INFO","msg":"api: retrying error","error":"Post \"https://api.wandb.ai/graphql\": dial tcp: lookup api.wandb.ai: no such host"}
{"time":"2026-08-23T17:24:54.135554+05:30","level":"INFO","msg":"api: retrying error","error":"Post \"https://api.wandb.ai/graphql\": dial tcp: lookup api.wandb.ai: no such host"}
{"time":"2026-08-23T17:24:57.8659077+05:30","level":"INFO","msg":"api: retrying error","error":"Post \"https://api.wandb.ai/graphql\": dial tcp: lookup api.wandb.ai: no such host"}
{"time":"2026-08-23T17:24:59.011237+05:30","level":"INFO","msg":"api: retrying error","error":"Post \"https://api.wandb.ai/graphql\": dial tcp: lookup api.wandb.ai: no such host"}
{"time":"2026-08-23T17:24:59.0505551+05:30","level":"INFO","msg":"api: retrying error","error":"Post \"https://api.wandb.ai/graphql\": dial tcp: lookup api.wandb.ai: no such host"}
{"time":"2026-08-23T17:25:02.1121619+05:30","level":"INFO","msg":"api: retrying error","error":"Post \"https://api.wandb.ai/graphql\": dial tcp: lookup api.wandb.ai: no such host"}
{"time":"2026-08-23T17:25:02.1403625+05:30","level":"INFO","msg":"api: retrying error","error":"Post \"https://api.wandb.ai/graphql\": dial tcp: lookup api.wandb.ai: no such host"}
{"time":"2026-08-23T17:25:02.7904954+05:30","level":"INFO","msg":"api: retrying error","error":"Post \"https://api.wandb.ai/graphql\": dial tcp: lookup api.wandb.ai: no such host"}
{"time":"2026-08-23T17:25:04.4307776+05:30","level":"INFO","msg":"api: retrying error","error":"Post \"https://api.wandb.ai/graphql\": dial tcp: lookup api.wandb.ai: no such host"}
{"time":"2026-08-23T17:25:05.7260417+05:30","level":"INFO","msg":"api: retrying error","error":"Post \"https://api.wandb.ai/graphql\": dial tcp: lookup api.wandb.ai: no such host"}
{"time":"2026-08-23T17:25:06.8285789+05:30","level":"INFO","msg":"api: retrying error","error":"Post \"https://api.wandb.ai/graphql\": dial tcp: lookup api.wandb.ai: no such host"}
{"time":"2026-08-23T17:25:07.1585865+05:30","level":"INFO","msg":"api: retrying error","error":"Post \"https://api.wandb.ai/graphql\": dial tcp: lookup api.wandb.ai: no such host"}
{"time":"2026-08-23T17:25:08.2445463+05:30","level":"INFO","msg":"api: retrying error","error":"Post \"https://api.wandb.ai/graphql\": dial tcp: lookup api.wandb.ai: no such host"}
{"time":"2026-08-23T17:25:09.0054209+05:30","level":"INFO","msg":"api: retrying error","error":"Post \"https://api.wandb.ai/graphql\": dial tcp: lookup api.wandb.ai: no such host"}
{"time":"2026-08-23T17:25:09.1367617+05:30","level":"INFO","msg":"api: retrying error","error":"Post \"https://api.wandb.ai/graphql\": dial tcp: lookup api.wandb.ai: no such host"}
{"time":"2026-08-23T17:25:11.1871392+05:30","level":"INFO","msg":"api: retrying error","error":"Post \"https://api.wandb.ai/graphql\": dial tcp: lookup api.wandb.ai: no such host"}
{"time":"2026-08-23T17:25:12.3477892+05:30","level":"INFO","msg":"api: retrying error","error":"Post \"https://api.wandb.ai/graphql\": dial tcp: lookup api.wandb.ai: no such host"}
{"time":"2026-08-23T17:25:14.0407079+05:30","level":"INFO","msg":"api: retrying error","error":"Post \"https://api.wandb.ai/graphql\": dial tcp: lookup api.wandb.ai: no such host"}
{"time":"2026-08-23T17:25:16.2444948+05:30","level":"INFO","msg":"api: retrying error","error":"Post \"https://api.wandb.ai/graphql\": dial tcp: lookup api.wandb.ai: no such host"}
{"time":"2026-08-23T17:25:16.4427609+05:30","level":"INFO","msg":"api: retrying error","error":"Post \"https://api.wandb.ai/graphql\": dial tcp: lookup api.wandb.ai: no such host"}
{"time":"2026-08-23T17:25:19.6581157+05:30","level":"INFO","msg":"api: retrying error","error":"Post \"https://api.wandb.ai/graphql\": dial tcp: lookup api.wandb.ai: no such host"}
{"time":"2026-08-23T17:25:19.6963978+05:30","level":"INFO","msg":"api: retrying error","error":"Post \"https://api.wandb.ai/graphql\": dial tcp: lookup api.wandb.ai: no such host"}
{"time":"2026-08-23T17:25:19.7018596+05:30","level":"INFO","msg":"api: retrying error","error":"Post \"https://api.wandb.ai/graphql\": dial tcp: lookup api.wandb.ai: no such host"}
{"time":"2026-08-23T17:25:20.5827201+05:30","level":"INFO","msg":"api: retrying error","error":"Post \"https://api.wandb.ai/graphql\": dial tcp: lookup api.wandb.ai: no such host"}
{"time":"2026-08-23T17:25:21.6935325+05:30","level":"INFO","msg":"api: retrying error","error":"Post \"https://api.wandb.ai/graphql\": dial tcp: lookup api.wandb.ai: no such host"}
{"time":"2026-08-23T17:25:22.2512217+05:30","level":"INFO","msg":"api: retrying error","error":"Post \"https://api.wandb.ai/graphql\": dial tcp: lookup api.wandb.ai: no such host"}
{"time":"2026-08-23T17:25:23.4916386+05:30","level":"INFO","msg":"api: retrying error","error":"Post \"https://api.wandb.ai/graphql\": dial tcp: lookup api.wandb.ai: no such host"}
{"time":"2026-08-23T17:25:23.517371+05:30","level":"INFO","msg":"api: retrying error","error":"Post \"https://api.wandb.ai/graphql\": dial tcp: lookup api.wandb.ai: no such host"}
{"time":"2026-08-23T17:25:25.8435909+05:30","level":"INFO","msg":"api: retrying error","error":"Post \"https://api.wandb.ai/graphql\": dial tcp: lookup api.wandb.ai: no such host"}
{"time":"2026-08-23T17:25:28.4256542+05:30","level":"INFO","msg":"api: retrying error","error":"Post \"https://api.wandb.ai/graphql\": dial tcp: lookup api.wandb.ai: no such host"}
{"time":"2026-08-23T17:25:28.4515588+05:30","level":"INFO","msg":"api: retrying error","error":"Post \"https://api.wandb.ai/graphql\": dial tcp: lookup api.wandb.ai: no such host"}
{"time":"2026-08-23T17:25:30.0213245+05:30","level":"INFO","msg":"api: retrying error","error":"Post \"https://api.wandb.ai/graphql\": dial tcp: lookup api.wandb.ai: no such host"}
{"time":"2026-08-23T17:25:31.1447707+05:30","level":"INFO","msg":"api: retrying error","error":"Post \"https://api.wandb.ai/graphql\": dial tcp: lookup api.wandb.ai: no such host"}
{"time":"2026-08-23T17:25:35.5223357+05:30","level":"INFO","msg":"api: retrying error","error":"Post \"https://api.wandb.ai/graphql\": dial tcp: lookup api.wandb.ai: no such host"}
{"time":"2026-08-23T17:25:36.8922061+05:30","level":"INFO","msg":"api: retrying error","error":"Post \"https://api.wandb.ai/graphql\": dial tcp: lookup api.wandb.ai: no such host"}
{"time":"2026-08-23T17:25:37.5284921+05:30","level":"INFO","msg":"api: retrying error","error":"Post \"https://api.wandb.ai/graphql\": dial tcp: lookup api.wandb.ai: no such host"}
{"time":"2026-08-23T17:25:37.5559088+05:30","level":"INFO","msg":"api: retrying error","error":"Post \"https://api.wandb.ai/graphql\": dial tcp: lookup api.wandb.ai: no such host"}
{"time":"2026-08-23T17:25:38.0532128+05:30","level":"INFO","msg":"api: retrying error","error":"Post \"https://api.wandb.ai/graphql\": dial tcp: lookup api.wandb.ai: no such host"}
{"time":"2026-08-23T17:25:39.7532273+05:30","level":"INFO","msg":"api: retrying error","error":"Post \"https://api.wandb.ai/graphql\": dial tcp: lookup api.wandb.ai: no such host"}
{"time":"2026-08-23T17:25:41.0592882+05:30","level":"INFO","msg":"api: retrying error","error":"Post \"https://api.wandb.ai/graphql\": dial tcp: lookup api.wandb.ai: no such host"}
{"time":"2026-08-23T17:25:41.5264039+05:30","level":"INFO","msg":"api: retrying error","error":"Post \"https://api.wandb.ai/graphql\": dial tcp: lookup api.wandb.ai: no such host"}
{"time":"2026-08-23T17:25:42.2060902+05:30","level":"INFO","msg":"api: retrying error","error":"Post \"https://api.wandb.ai/graphql\": dial tcp: lookup api.wandb.ai: no such host"}
{"time":"2026-08-23T17:25:43.5436402+05:30","level":"INFO","msg":"api: retrying error","error":"Post \"https://api.wandb.ai/graphql\": dial tcp: lookup api.wandb.ai: no such host"}
{"time":"2026-08-23T17:25:47.5908884+05:30","level":"INFO","msg":"api: retrying error","error":"Post \"https://api.wandb.ai/graphql\": dial tcp: lookup api.wandb.ai: no such host"}
{"time":"2026-08-23T17:25:47.9564269+05:30","level":"INFO","msg":"api: retrying error","error":"Post \"https://api.wandb.ai/graphql\": dial tcp: lookup api.wandb.ai: no such host"}
{"time":"2026-08-23T17:25:49.0930216+05:30","level":"INFO","msg":"api: retrying error","error":"Post \"https://api.wandb.ai/graphql\": dial tcp: lookup api.wandb.ai: no such host"}
{"time":"2026-08-23T17:25:49.6525113+05:30","level":"INFO","msg":"api: retrying error","error":"Post \"https://api.wandb.ai/files/rshisode607-government-college-of-engineering-aurangabad/micro-MoRE-poc/krnpgoed/file_stream\": dial tcp: lookup api.wandb.ai: no such host"}
{"time":"2026-08-23T17:25:50.727825+05:30","level":"INFO","msg":"api: retrying error","error":"Post \"https://api.wandb.ai/graphql\": dial tcp: lookup api.wandb.ai: no such host"}
{"time":"2026-08-23T17:25:53.6723069+05:30","level":"INFO","msg":"api: retrying error","error":"Post \"https://api.wandb.ai/graphql\": dial tcp: lookup api.wandb.ai: no such host"}
{"time":"2026-08-23T17:25:54.1372141+05:30","level":"INFO","msg":"api: retrying error","error":"Post \"https://api.wandb.ai/graphql\": dial tcp: lookup api.wandb.ai: no such host"}
{"time":"2026-08-23T17:25:56.5896409+05:30","level":"INFO","msg":"api: retrying error","error":"Post \"https://api.wandb.ai/graphql\": dial tcp: lookup api.wandb.ai: no such host"}
{"time":"2026-08-23T17:25:57.0722392+05:30","level":"INFO","msg":"api: retrying error","error":"Post \"https://api.wandb.ai/graphql\": dial tcp: lookup api.wandb.ai: no such host"}
{"time":"2026-08-23T17:25:57.8664476+05:30","level":"INFO","msg":"api: retrying error","error":"Post \"https://api.wandb.ai/graphql\": dial tcp: lookup api.wandb.ai: no such host"}
{"time":"2026-08-23T17:25:59.0178734+05:30","level":"INFO","msg":"api: retrying error","error":"Post \"https://api.wandb.ai/graphql\": dial tcp: lookup api.wandb.ai: no such host"}
{"time":"2026-08-23T17:25:59.0514691+05:30","level":"INFO","msg":"api: retrying error","error":"Post \"https://api.wandb.ai/graphql\": dial tcp: lookup api.wandb.ai: no such host"}
{"time":"2026-08-23T17:25:59.5945432+05:30","level":"INFO","msg":"api: retrying error","error":"Post \"https://api.wandb.ai/graphql\": dial tcp: lookup api.wandb.ai: no such host"}
{"time":"2026-08-23T17:26:00.5923458+05:30","level":"INFO","msg":"api: retrying error","error":"Post \"https://api.wandb.ai/graphql\": dial tcp: lookup api.wandb.ai: no such host"}
{"time":"2026-08-23T17:26:02.7916948+05:30","level":"INFO","msg":"api: retrying error","error":"Post \"https://api.wandb.ai/graphql\": dial tcp: lookup api.wandb.ai: no such host"}
{"time":"2026-08-23T17:26:02.9475933+05:30","level":"INFO","msg":"api: retrying error","error":"Post \"https://api.wandb.ai/graphql\": dial tcp: lookup api.wandb.ai: no such host"}
{"time":"2026-08-23T17:26:05.7326718+05:30","level":"INFO","msg":"api: retrying error","error":"Post \"https://api.wandb.ai/graphql\": dial tcp: lookup api.wandb.ai: no such host"}
{"time":"2026-08-23T17:26:07.1595066+05:30","level":"INFO","msg":"api: retrying error","error":"Post \"https://api.wandb.ai/graphql\": dial tcp: lookup api.wandb.ai: no such host"}
{"time":"2026-08-23T17:26:07.3036025+05:30","level":"INFO","msg":"api: retrying error","error":"Post \"https://api.wandb.ai/graphql\": dial tcp: lookup api.wandb.ai: no such host"}
{"time":"2026-08-23T17:26:08.2455892+05:30","level":"INFO","msg":"api: retrying error","error":"Post \"https://api.wandb.ai/graphql\": dial tcp: lookup api.wandb.ai: no such host"}
{"time":"2026-08-23T17:26:09.0058581+05:30","level":"INFO","msg":"api: retrying error","error":"Post \"https://api.wandb.ai/graphql\": dial tcp: lookup api.wandb.ai: no such host"}
{"time":"2026-08-23T17:26:09.1379446+05:30","level":"INFO","msg":"api: retrying error","error":"Post \"https://api.wandb.ai/graphql\": dial tcp: lookup api.wandb.ai: no such host"}
{"time":"2026-08-23T17:26:12.3536445+05:30","level":"INFO","msg":"api: retrying error","error":"Post \"https://api.wandb.ai/graphql\": dial tcp: lookup api.wandb.ai: no such host"}
{"time":"2026-08-23T17:26:14.0410928+05:30","level":"INFO","msg":"api: retrying error","error":"Post \"https://api.wandb.ai/graphql\": dial tcp: lookup api.wandb.ai: no such host"}
{"time":"2026-08-23T17:26:15.9619954+05:30","level":"INFO","msg":"api: retrying error","error":"Post \"https://api.wandb.ai/graphql\": dial tcp: lookup api.wandb.ai: no such host"}
{"time":"2026-08-23T17:26:16.2462544+05:30","level":"INFO","msg":"api: retrying error","error":"Post \"https://api.wandb.ai/graphql\": dial tcp: lookup api.wandb.ai: no such host"}
{"time":"2026-08-23T17:26:16.4434801+05:30","level":"INFO","msg":"api: retrying error","error":"Post \"https://api.wandb.ai/graphql\": dial tcp: lookup api.wandb.ai: no such host"}
{"time":"2026-08-23T17:26:16.6464252+05:30","level":"INFO","msg":"api: retrying error","error":"Post \"https://api.wandb.ai/graphql\": dial tcp: lookup api.wandb.ai: no such host"}
{"time":"2026-08-23T17:26:16.9235978+05:30","level":"INFO","msg":"api: retrying error","error":"Post \"https://api.wandb.ai/graphql\": dial tcp: lookup api.wandb.ai: no such host"}
{"time":"2026-08-23T17:26:18.003666+05:30","level":"INFO","msg":"api: retrying error","error":"Post \"https://api.wandb.ai/graphql\": dial tcp: lookup api.wandb.ai: no such host"}
{"time":"2026-08-23T17:26:19.6610493+05:30","level":"INFO","msg":"api: retrying error","error":"Post \"https://api.wandb.ai/graphql\": dial tcp: lookup api.wandb.ai: no such host"}
{"time":"2026-08-23T17:26:19.6974948+05:30","level":"INFO","msg":"api: retrying error","error":"Post \"https://api.wandb.ai/graphql\": dial tcp: lookup api.wandb.ai: no such host"}
{"time":"2026-08-23T17:26:20.3179379+05:30","level":"INFO","msg":"api: retrying error","error":"Post \"https://api.wandb.ai/graphql\": dial tcp: lookup api.wandb.ai: no such host"}
{"time":"2026-08-23T17:26:20.5839038+05:30","level":"INFO","msg":"api: retrying error","error":"Post \"https://api.wandb.ai/graphql\": dial tcp: lookup api.wandb.ai: no such host"}
{"time":"2026-08-23T17:26:22.2514546+05:30","level":"INFO","msg":"api: retrying error","error":"Post \"https://api.wandb.ai/graphql\": dial tcp: lookup api.wandb.ai: no such host"}
{"time":"2026-08-23T17:26:23.5247285+05:30","level":"INFO","msg":"api: retrying error","error":"Post \"https://api.wandb.ai/graphql\": dial tcp: lookup api.wandb.ai: no such host"}
{"time":"2026-08-23T17:26:25.0069011+05:30","level":"INFO","msg":"api: retrying error","error":"Post \"https://api.wandb.ai/graphql\": dial tcp: lookup api.wandb.ai: no such host"}
{"time":"2026-08-23T17:26:28.4265452+05:30","level":"INFO","msg":"api: retrying error","error":"Post \"https://api.wandb.ai/graphql\": dial tcp: lookup api.wandb.ai: no such host"}
{"time":"2026-08-23T17:26:28.4534559+05:30","level":"INFO","msg":"api: retrying error","error":"Post \"https://api.wandb.ai/graphql\": dial tcp: lookup api.wandb.ai: no such host"}
{"time":"2026-08-23T17:26:31.1453962+05:30","level":"INFO","msg":"api: retrying error","error":"Post \"https://api.wandb.ai/graphql\": dial tcp: lookup api.wandb.ai: no such host"}
{"time":"2026-08-23T17:26:32.9127941+05:30","level":"INFO","msg":"api: retrying error","error":"Post \"https://api.wandb.ai/graphql\": dial tcp: lookup api.wandb.ai: no such host"}
{"time":"2026-08-23T17:26:33.0820489+05:30","level":"INFO","msg":"api: retrying error","error":"Post \"https://api.wandb.ai/graphql\": dial tcp: lookup api.wandb.ai: no such host"}
{"time":"2026-08-23T17:26:35.5284844+05:30","level":"INFO","msg":"api: retrying error","error":"Post \"https://api.wandb.ai/graphql\": dial tcp: lookup api.wandb.ai: no such host"}
{"time":"2026-08-23T17:26:35.7504828+05:30","level":"INFO","msg":"api: retrying error","error":"Post \"https://api.wandb.ai/graphql\": dial tcp: lookup api.wandb.ai: no such host"}
{"time":"2026-08-23T17:26:36.8935264+05:30","level":"INFO","msg":"api: retrying error","error":"Post \"https://api.wandb.ai/graphql\": dial tcp: lookup api.wandb.ai: no such host"}
{"time":"2026-08-23T17:26:37.0738202+05:30","level":"INFO","msg":"api: retrying error","error":"Post \"https://api.wandb.ai/graphql\": dial tcp: lookup api.wandb.ai: no such host"}
{"time":"2026-08-23T17:26:37.5298123+05:30","level":"INFO","msg":"api: retrying error","error":"Post \"https://api.wandb.ai/graphql\": dial tcp: lookup api.wandb.ai: no such host"}
{"time":"2026-08-23T17:26:39.5686659+05:30","level":"INFO","msg":"api: retrying error","error":"Post \"https://api.wandb.ai/graphql\": dial tcp: lookup api.wandb.ai: no such host"}
{"time":"2026-08-23T17:26:39.7541986+05:30","level":"INFO","msg":"api: retrying error","error":"Post \"https://api.wandb.ai/graphql\": dial tcp: lookup api.wandb.ai: no such host"}
{"time":"2026-08-23T17:26:41.0650359+05:30","level":"INFO","msg":"api: retrying error","error":"Post \"https://api.wandb.ai/graphql\": dial tcp: lookup api.wandb.ai: no such host"}
{"time":"2026-08-23T17:26:42.2066629+05:30","level":"INFO","msg":"api: retrying error","error":"Post \"https://api.wandb.ai/graphql\": dial tcp: lookup api.wandb.ai: no such host"}
{"time":"2026-08-23T17:26:44.1149342+05:30","level":"INFO","msg":"api: retrying error","error":"Post \"https://api.wandb.ai/graphql\": dial tcp: lookup api.wandb.ai: no such host"}
{"time":"2026-08-23T17:26:47.5972735+05:30","level":"INFO","msg":"api: retrying error","error":"Post \"https://api.wandb.ai/graphql\": dial tcp: lookup api.wandb.ai: no such host"}
{"time":"2026-08-23T17:26:49.0942033+05:30","level":"INFO","msg":"api: retrying error","error":"Post \"https://api.wandb.ai/graphql\": dial tcp: lookup api.wandb.ai: no such host"}
{"time":"2026-08-23T17:26:49.3110339+05:30","level":"INFO","msg":"api: retrying error","error":"Post \"https://api.wandb.ai/graphql\": dial tcp: lookup api.wandb.ai: no such host"}
{"time":"2026-08-23T17:26:49.6527674+05:30","level":"INFO","msg":"api: retrying error","error":"Post \"https://api.wandb.ai/files/rshisode607-government-college-of-engineering-aurangabad/micro-MoRE-poc/krnpgoed/file_stream\": dial tcp: lookup api.wandb.ai: no such host"}
{"time":"2026-08-23T17:26:50.7299158+05:30","level":"INFO","msg":"api: retrying error","error":"Post \"https://api.wandb.ai/graphql\": dial tcp: lookup api.wandb.ai: no such host"}
{"time":"2026-08-23T17:26:53.348199+05:30","level":"INFO","msg":"api: retrying error","error":"Post \"https://api.wandb.ai/graphql\": dial tcp: lookup api.wandb.ai: no such host"}
{"time":"2026-08-23T17:26:53.6728438+05:30","level":"INFO","msg":"api: retrying error","error":"Post \"https://api.wandb.ai/graphql\": dial tcp: lookup api.wandb.ai: no such host"}
{"time":"2026-08-23T17:26:54.1380238+05:30","level":"INFO","msg":"api: retrying error","error":"Post \"https://api.wandb.ai/graphql\": dial tcp: lookup api.wandb.ai: no such host"}
{"time":"2026-08-23T17:26:54.4277151+05:30","level":"INFO","msg":"api: retrying error","error":"Post \"https://api.wandb.ai/graphql\": dial tcp: lookup api.wandb.ai: no such host"}
{"time":"2026-08-23T17:26:55.0664702+05:30","level":"INFO","msg":"api: retrying error","error":"Post \"https://api.wandb.ai/graphql\": dial tcp: lookup api.wandb.ai: no such host"}
{"time":"2026-08-23T17:26:56.5079991+05:30","level":"INFO","msg":"api: retrying error","error":"Post \"https://api.wandb.ai/graphql\": dial tcp: lookup api.wandb.ai: no such host"}
{"time":"2026-08-23T17:26:57.867297+05:30","level":"INFO","msg":"api: retrying error","error":"Post \"https://api.wandb.ai/graphql\": dial tcp: lookup api.wandb.ai: no such host"}
{"time":"2026-08-23T17:26:59.0232804+05:30","level":"INFO","msg":"api: retrying error","error":"Post \"https://api.wandb.ai/graphql\": dial tcp: lookup api.wandb.ai: no such host"}
{"time":"2026-08-23T17:26:59.0524478+05:30","level":"INFO","msg":"api: retrying error","error":"Post \"https://api.wandb.ai/graphql\": dial tcp: lookup api.wandb.ai: no such host"}
{"time":"2026-08-23T17:26:59.5956989+05:30","level":"INFO","msg":"api: retrying error","error":"Post \"https://api.wandb.ai/graphql\": dial tcp: lookup api.wandb.ai: no such host"}
{"time":"2026-08-23T17:27:00.5712811+05:30","level":"INFO","msg":"api: retrying error","error":"Post \"https://api.wandb.ai/graphql\": dial tcp: lookup api.wandb.ai: no such host"}
{"time":"2026-08-23T17:27:02.7928659+05:30","level":"INFO","msg":"api: retrying error","error":"Post \"https://api.wandb.ai/graphql\": dial tcp: lookup api.wandb.ai: no such host"}
{"time":"2026-08-23T17:27:05.7344982+05:30","level":"INFO","msg":"api: retrying error","error":"Post \"https://api.wandb.ai/graphql\": dial tcp: lookup api.wandb.ai: no such host"}
{"time":"2026-08-23T17:27:07.1611946+05:30","level":"INFO","msg":"api: retrying error","error":"Post \"https://api.wandb.ai/graphql\": dial tcp: lookup api.wandb.ai: no such host"}
{"time":"2026-08-23T17:27:08.2469335+05:30","level":"INFO","msg":"api: retrying error","error":"Post \"https://api.wandb.ai/graphql\": dial tcp: lookup api.wandb.ai: no such host"}
{"time":"2026-08-23T17:27:09.0071223+05:30","level":"INFO","msg":"api: retrying error","error":"Post \"https://api.wandb.ai/graphql\": dial tcp: lookup api.wandb.ai: no such host"}
{"time":"2026-08-23T17:27:09.1384073+05:30","level":"INFO","msg":"api: retrying error","error":"Post \"https://api.wandb.ai/graphql\": dial tcp: lookup api.wandb.ai: no such host"}
{"time":"2026-08-23T17:27:09.7670134+05:30","level":"INFO","msg":"api: retrying error","error":"Post \"https://api.wandb.ai/graphql\": dial tcp: lookup api.wandb.ai: no such host"}
{"time":"2026-08-23T17:27:09.8831163+05:30","level":"INFO","msg":"api: retrying error","error":"Post \"https://api.wandb.ai/graphql\": dial tcp: lookup api.wandb.ai: no such host"}
{"time":"2026-08-23T17:27:12.3606542+05:30","level":"INFO","msg":"api: retrying error","error":"Post \"https://api.wandb.ai/graphql\": dial tcp: lookup api.wandb.ai: no such host"}
{"time":"2026-08-23T17:27:13.497088+05:30","level":"INFO","msg":"api: retrying error","error":"Post \"https://api.wandb.ai/graphql\": dial tcp: lookup api.wandb.ai: no such host"}
{"time":"2026-08-23T17:27:14.0430195+05:30","level":"INFO","msg":"api: retrying error","error":"Post \"https://api.wandb.ai/graphql\": dial tcp: lookup api.wandb.ai: no such host"}
{"time":"2026-08-23T17:27:14.2062646+05:30","level":"INFO","msg":"api: retrying error","error":"Post \"https://api.wandb.ai/graphql\": dial tcp: lookup api.wandb.ai: no such host"}
{"time":"2026-08-23T17:27:15.6647504+05:30","level":"INFO","msg":"api: retrying error","error":"Post \"https://api.wandb.ai/graphql\": dial tcp: lookup api.wandb.ai: no such host"}
{"time":"2026-08-23T17:27:15.9623847+05:30","level":"INFO","msg":"api: retrying error","error":"Post \"https://api.wandb.ai/graphql\": dial tcp: lookup api.wandb.ai: no such host"}
{"time":"2026-08-23T17:27:16.2465897+05:30","level":"INFO","msg":"api: retrying error","error":"Post \"https://api.wandb.ai/graphql\": dial tcp: lookup api.wandb.ai: no such host"}
{"time":"2026-08-23T17:27:16.4438241+05:30","level":"INFO","msg":"api: retrying error","error":"Post \"https://api.wandb.ai/graphql\": dial tcp: lookup api.wandb.ai: no such host"}
{"time":"2026-08-23T17:27:19.6682539+05:30","level":"INFO","msg":"api: retrying error","error":"Post \"https://api.wandb.ai/graphql\": dial tcp: lookup api.wandb.ai: no such host"}
{"time":"2026-08-23T17:27:19.6990013+05:30","level":"INFO","msg":"api: retrying error","error":"Post \"https://api.wandb.ai/graphql\": dial tcp: lookup api.wandb.ai: no such host"}
{"time":"2026-08-23T17:27:19.9700704+05:30","level":"INFO","msg":"api: retrying error","error":"Post \"https://api.wandb.ai/graphql\": dial tcp: lookup api.wandb.ai: no such host"}
{"time":"2026-08-23T17:27:20.5841114+05:30","level":"INFO","msg":"api: retrying error","error":"Post \"https://api.wandb.ai/graphql\": dial tcp: lookup api.wandb.ai: no such host"}
{"time":"2026-08-23T17:27:22.252613+05:30","level":"INFO","msg":"api: retrying error","error":"Post \"https://api.wandb.ai/graphql\": dial tcp: lookup api.wandb.ai: no such host"}
{"time":"2026-08-23T17:27:22.7747992+05:30","level":"INFO","msg":"api: retrying error","error":"Post \"https://api.wandb.ai/graphql\": dial tcp: lookup api.wandb.ai: no such host"}
{"time":"2026-08-23T17:27:23.5257211+05:30","level":"INFO","msg":"api: retrying error","error":"Post \"https://api.wandb.ai/graphql\": dial tcp: lookup api.wandb.ai: no such host"}
{"time":"2026-08-23T17:27:26.7422102+05:30","level":"INFO","msg":"api: retrying error","error":"Post \"https://api.wandb.ai/graphql\": dial tcp: lookup api.wandb.ai: no such host"}
{"time":"2026-08-23T17:27:28.3605512+05:30","level":"INFO","msg":"api: retrying error","error":"Post \"https://api.wandb.ai/graphql\": dial tcp: lookup api.wandb.ai: no such host"}
{"time":"2026-08-23T17:27:28.4272446+05:30","level":"INFO","msg":"api: retrying error","error":"Post \"https://api.wandb.ai/graphql\": dial tcp: lookup api.wandb.ai: no such host"}
{"time":"2026-08-23T17:27:28.4542723+05:30","level":"INFO","msg":"api: retrying error","error":"Post \"https://api.wandb.ai/graphql\": dial tcp: lookup api.wandb.ai: no such host"}
{"time":"2026-08-23T17:27:31.1469389+05:30","level":"INFO","msg":"api: retrying error","error":"Post \"https://api.wandb.ai/graphql\": dial tcp: lookup api.wandb.ai: no such host"}
{"time":"2026-08-23T17:27:31.6252507+05:30","level":"INFO","msg":"api: retrying error","error":"Post \"https://api.wandb.ai/graphql\": dial tcp: lookup api.wandb.ai: no such host"}
{"time":"2026-08-23T17:27:32.9186212+05:30","level":"INFO","msg":"api: retrying error","error":"Post \"https://api.wandb.ai/graphql\": dial tcp: lookup api.wandb.ai: no such host"}
{"time":"2026-08-23T17:27:33.6610078+05:30","level":"INFO","msg":"api: retrying error","error":"Post \"https://api.wandb.ai/graphql\": dial tcp: lookup api.wandb.ai: no such host"}
{"time":"2026-08-23T17:27:35.5298028+05:30","level":"INFO","msg":"api: retrying error","error":"Post \"https://api.wandb.ai/graphql\": dial tcp: lookup api.wandb.ai: no such host"}
{"time":"2026-08-23T17:27:36.8937454+05:30","level":"INFO","msg":"api: retrying error","error":"Post \"https://api.wandb.ai/graphql\": dial tcp: lookup api.wandb.ai: no such host"}
{"time":"2026-08-23T17:27:37.5304386+05:30","level":"INFO","msg":"api: retrying error","error":"Post \"https://api.wandb.ai/graphql\": dial tcp: lookup api.wandb.ai: no such host"}
{"time":"2026-08-23T17:27:38.4663827+05:30","level":"INFO","msg":"api: retrying error","error":"Post \"https://api.wandb.ai/graphql\": dial tcp: lookup api.wandb.ai: no such host"}
{"time":"2026-08-23T17:27:39.7545084+05:30","level":"INFO","msg":"api: retrying error","error":"Post \"https://api.wandb.ai/graphql\": dial tcp: lookup api.wandb.ai: no such host"}
{"time":"2026-08-23T17:27:41.0662445+05:30","level":"INFO","msg":"api: retrying error","error":"Post \"https://api.wandb.ai/graphql\": dial tcp: lookup api.wandb.ai: no such host"}
{"time":"2026-08-23T17:27:42.2075971+05:30","level":"INFO","msg":"api: retrying error","error":"Post \"https://api.wandb.ai/graphql\": dial tcp: lookup api.wandb.ai: no such host"}
{"time":"2026-08-23T17:27:47.6037967+05:30","level":"INFO","msg":"api: retrying error","error":"Post \"https://api.wandb.ai/graphql\": dial tcp: lookup api.wandb.ai: no such host"}
{"time":"2026-08-23T17:27:48.296424+05:30","level":"INFO","msg":"api: retrying error","error":"Post \"https://api.wandb.ai/graphql\": dial tcp: lookup api.wandb.ai: no such host"}
{"time":"2026-08-23T17:27:48.357313+05:30","level":"INFO","msg":"api: retrying error","error":"Post \"https://api.wandb.ai/graphql\": dial tcp: lookup api.wandb.ai: no such host"}
{"time":"2026-08-23T17:27:48.8877377+05:30","level":"INFO","msg":"api: retrying error","error":"Post \"https://api.wandb.ai/graphql\": dial tcp: lookup api.wandb.ai: no such host"}
{"time":"2026-08-23T17:27:49.0957581+05:30","level":"INFO","msg":"api: retrying error","error":"Post \"https://api.wandb.ai/graphql\": dial tcp: lookup api.wandb.ai: no such host"}
{"time":"2026-08-23T17:27:49.6538134+05:30","level":"INFO","msg":"api: retrying error","error":"Post \"https://api.wandb.ai/files/rshisode607-government-college-of-engineering-aurangabad/micro-MoRE-poc/krnpgoed/file_stream\": dial tcp: lookup api.wandb.ai: no such host"}
{"time":"2026-08-23T17:27:50.6850598+05:30","level":"INFO","msg":"api: retrying error","error":"Post \"https://api.wandb.ai/graphql\": dial tcp: lookup api.wandb.ai: no such host"}
{"time":"2026-08-23T17:27:50.7302092+05:30","level":"INFO","msg":"api: retrying error","error":"Post \"https://api.wandb.ai/graphql\": dial tcp: lookup api.wandb.ai: no such host"}
{"time":"2026-08-23T17:27:52.7430139+05:30","level":"INFO","msg":"api: retrying error","error":"Post \"https://api.wandb.ai/graphql\": dial tcp: lookup api.wandb.ai: no such host"}
{"time":"2026-08-23T17:27:53.6737726+05:30","level":"INFO","msg":"api: retrying error","error":"Post \"https://api.wandb.ai/graphql\": dial tcp: lookup api.wandb.ai: no such host"}
{"time":"2026-08-23T17:27:54.1390983+05:30","level":"INFO","msg":"api: retrying error","error":"Post \"https://api.wandb.ai/graphql\": dial tcp: lookup api.wandb.ai: no such host"}
{"time":"2026-08-23T17:27:55.067101+05:30","level":"INFO","msg":"api: retrying error","error":"Post \"https://api.wandb.ai/graphql\": dial tcp: lookup api.wandb.ai: no such host"}
{"time":"2026-08-23T17:27:56.8900157+05:30","level":"INFO","msg":"api: retrying error","error":"Post \"https://api.wandb.ai/graphql\": dial tcp: lookup api.wandb.ai: no such host"}
{"time":"2026-08-23T17:27:57.8733042+05:30","level":"INFO","msg":"api: retrying error","error":"Post \"https://api.wandb.ai/graphql\": dial tcp: lookup api.wandb.ai: no such host"}
{"time":"2026-08-23T17:27:59.0236359+05:30","level":"INFO","msg":"api: retrying error","error":"Post \"https://api.wandb.ai/graphql\": dial tcp: lookup api.wandb.ai: no such host"}
{"time":"2026-08-23T17:27:59.0538268+05:30","level":"INFO","msg":"api: retrying error","error":"Post \"https://api.wandb.ai/graphql\": dial tcp: lookup api.wandb.ai: no such host"}
{"time":"2026-08-23T17:27:59.5957858+05:30","level":"INFO","msg":"api: retrying error","error":"Post \"https://api.wandb.ai/graphql\": dial tcp: lookup api.wandb.ai: no such host"}
{"time":"2026-08-23T17:28:02.7929725+05:30","level":"INFO","msg":"api: retrying error","error":"Post \"https://api.wandb.ai/graphql\": dial tcp: lookup api.wandb.ai: no such host"}
{"time":"2026-08-23T17:28:03.3518574+05:30","level":"INFO","msg":"api: retrying error","error":"Post \"https://api.wandb.ai/graphql\": dial tcp: lookup api.wandb.ai: no such host"}
{"time":"2026-08-23T17:28:05.7358581+05:30","level":"INFO","msg":"api: retrying error","error":"Post \"https://api.wandb.ai/graphql\": dial tcp: lookup api.wandb.ai: no such host"}
{"time":"2026-08-23T17:28:05.824379+05:30","level":"INFO","msg":"api: retrying error","error":"Post \"https://api.wandb.ai/graphql\": dial tcp: lookup api.wandb.ai: no such host"}
{"time":"2026-08-23T17:28:06.5505515+05:30","level":"INFO","msg":"api: retrying error","error":"Post \"https://api.wandb.ai/graphql\": dial tcp: lookup api.wandb.ai: no such host"}
{"time":"2026-08-23T17:28:07.1626571+05:30","level":"INFO","msg":"api: retrying error","error":"Post \"https://api.wandb.ai/graphql\": dial tcp: lookup api.wandb.ai: no such host"}
{"time":"2026-08-23T17:28:08.2480948+05:30","level":"INFO","msg":"api: retrying error","error":"Post \"https://api.wandb.ai/graphql\": dial tcp: lookup api.wandb.ai: no such host"}
{"time":"2026-08-23T17:28:08.4346016+05:30","level":"INFO","msg":"api: retrying error","error":"Post \"https://api.wandb.ai/graphql\": dial tcp: lookup api.wandb.ai: no such host"}
{"time":"2026-08-23T17:28:09.0079318+05:30","level":"INFO","msg":"api: retrying error","error":"Post \"https://api.wandb.ai/graphql\": dial tcp: lookup api.wandb.ai: no such host"}
{"time":"2026-08-23T17:28:09.1386424+05:30","level":"INFO","msg":"api: retrying error","error":"Post \"https://api.wandb.ai/graphql\": dial tcp: lookup api.wandb.ai: no such host"}
{"time":"2026-08-23T17:28:10.5863858+05:30","level":"INFO","msg":"api: retrying error","error":"Post \"https://api.wandb.ai/graphql\": dial tcp: lookup api.wandb.ai: no such host"}
{"time":"2026-08-23T17:28:12.3608833+05:30","level":"INFO","msg":"api: retrying error","error":"Post \"https://api.wandb.ai/graphql\": dial tcp: lookup api.wandb.ai: no such host"}
{"time":"2026-08-23T17:28:14.0493116+05:30","level":"INFO","msg":"api: retrying error","error":"Post \"https://api.wandb.ai/graphql\": dial tcp: lookup api.wandb.ai: no such host"}
{"time":"2026-08-23T17:28:14.2067901+05:30","level":"INFO","msg":"api: retrying error","error":"Post \"https://api.wandb.ai/graphql\": dial tcp: lookup api.wandb.ai: no such host"}
{"time":"2026-08-23T17:28:14.7120627+05:30","level":"INFO","msg":"api: retrying error","error":"Post \"https://api.wandb.ai/graphql\": dial tcp: lookup api.wandb.ai: no such host"}
{"time":"2026-08-23T17:28:15.9643017+05:30","level":"INFO","msg":"api: retrying error","error":"Post \"https://api.wandb.ai/graphql\": dial tcp: lookup api.wandb.ai: no such host"}
{"time":"2026-08-23T17:28:16.2479459+05:30","level":"INFO","msg":"api: retrying error","error":"Post \"https://api.wandb.ai/graphql\": dial tcp: lookup api.wandb.ai: no such host"}
{"time":"2026-08-23T17:28:16.445846+05:30","level":"INFO","msg":"api: retrying error","error":"Post \"https://api.wandb.ai/graphql\": dial tcp: lookup api.wandb.ai: no such host"}
{"time":"2026-08-23T17:28:19.6688223+05:30","level":"INFO","msg":"api: retrying error","error":"Post \"https://api.wandb.ai/graphql\": dial tcp: lookup api.wandb.ai: no such host"}
{"time":"2026-08-23T17:28:19.7003753+05:30","level":"INFO","msg":"api: retrying error","error":"Post \"https://api.wandb.ai/graphql\": dial tcp: lookup api.wandb.ai: no such host"}
{"time":"2026-08-23T17:28:20.5854294+05:30","level":"INFO","msg":"api: retrying error","error":"Post \"https://api.wandb.ai/graphql\": dial tcp: lookup api.wandb.ai: no such host"}
{"time":"2026-08-23T17:28:22.2537314+05:30","level":"INFO","msg":"api: retrying error","error":"Post \"https://api.wandb.ai/graphql\": dial tcp: lookup api.wandb.ai: no such host"}
{"time":"2026-08-23T17:28:22.7753393+05:30","level":"INFO","msg":"api: retrying error","error":"Post \"https://api.wandb.ai/graphql\": dial tcp: lookup api.wandb.ai: no such host"}
{"time":"2026-08-23T17:28:23.1547663+05:30","level":"INFO","msg":"api: retrying error","error":"Post \"https://api.wandb.ai/graphql\": dial tcp: lookup api.wandb.ai: no such host"}
{"time":"2026-08-23T17:28:23.5266372+05:30","level":"INFO","msg":"api: retrying error","error":"Post \"https://api.wandb.ai/graphql\": dial tcp: lookup api.wandb.ai: no such host"}
{"time":"2026-08-23T17:28:24.1060922+05:30","level":"INFO","msg":"api: retrying error","error":"Post \"https://api.wandb.ai/graphql\": dial tcp: lookup api.wandb.ai: no such host"}
{"time":"2026-08-23T17:28:26.6730241+05:30","level":"INFO","msg":"api: retrying error","error":"Post \"https://api.wandb.ai/graphql\": dial tcp: lookup api.wandb.ai: no such host"}
{"time":"2026-08-23T17:28:27.5142965+05:30","level":"INFO","msg":"api: retrying error","error":"Post \"https://api.wandb.ai/graphql\": dial tcp: lookup api.wandb.ai: no such host"}
{"time":"2026-08-23T17:28:28.4296873+05:30","level":"INFO","msg":"api: retrying error","error":"Post \"https://api.wandb.ai/graphql\": dial tcp: lookup api.wandb.ai: no such host"}
{"time":"2026-08-23T17:28:28.4547491+05:30","level":"INFO","msg":"api: retrying error","error":"Post \"https://api.wandb.ai/graphql\": dial tcp: lookup api.wandb.ai: no such host"}
{"time":"2026-08-23T17:28:29.9691974+05:30","level":"INFO","msg":"api: retrying error","error":"Post \"https://api.wandb.ai/graphql\": dial tcp: lookup api.wandb.ai: no such host"}
{"time":"2026-08-23T17:28:31.1485796+05:30","level":"INFO","msg":"api: retrying error","error":"Post \"https://api.wandb.ai/graphql\": dial tcp: lookup api.wandb.ai: no such host"}
{"time":"2026-08-23T17:28:32.9242528+05:30","level":"INFO","msg":"api: retrying error","error":"Post \"https://api.wandb.ai/graphql\": dial tcp: lookup api.wandb.ai: no such host"}
{"time":"2026-08-23T17:28:34.8920736+05:30","level":"INFO","msg":"api: retrying error","error":"Post \"https://api.wandb.ai/graphql\": dial tcp: lookup api.wandb.ai: no such host"}
{"time":"2026-08-23T17:28:35.5299407+05:30","level":"INFO","msg":"api: retrying error","error":"Post \"https://api.wandb.ai/graphql\": dial tcp: lookup api.wandb.ai: no such host"}
{"time":"2026-08-23T17:28:36.8953576+05:30","level":"INFO","msg":"api: retrying error","error":"Post \"https://api.wandb.ai/graphql\": dial tcp: lookup api.wandb.ai: no such host"}
{"time":"2026-08-23T17:28:37.5313246+05:30","level":"INFO","msg":"api: retrying error","error":"Post \"https://api.wandb.ai/graphql\": dial tcp: lookup api.wandb.ai: no such host"}
{"time":"2026-08-23T17:28:39.7600092+05:30","level":"INFO","msg":"api: retrying error","error":"Post \"https://api.wandb.ai/graphql\": dial tcp: lookup api.wandb.ai: no such host"}
{"time":"2026-08-23T17:28:41.0672367+05:30","level":"INFO","msg":"api: retrying error","error":"Post \"https://api.wandb.ai/graphql\": dial tcp: lookup api.wandb.ai: no such host"}
{"time":"2026-08-23T17:28:42.2086973+05:30","level":"INFO","msg":"api: retrying error","error":"Post \"https://api.wandb.ai/graphql\": dial tcp: lookup api.wandb.ai: no such host"}
{"time":"2026-08-23T17:28:43.1350353+05:30","level":"INFO","msg":"api: retrying error","error":"Post \"https://api.wandb.ai/graphql\": dial tcp: lookup api.wandb.ai: no such host"}
{"time":"2026-08-23T17:28:43.1445158+05:30","level":"INFO","msg":"api: retrying error","error":"Post \"https://api.wandb.ai/graphql\": dial tcp: lookup api.wandb.ai: no such host"}
{"time":"2026-08-23T17:28:43.6374346+05:30","level":"INFO","msg":"api: retrying error","error":"Post \"https://api.wandb.ai/graphql\": dial tcp: lookup api.wandb.ai: no such host"}
{"time":"2026-08-23T17:28:45.2425771+05:30","level":"INFO","msg":"api: retrying error","error":"Post \"https://api.wandb.ai/graphql\": dial tcp: lookup api.wandb.ai: no such host"}
{"time":"2026-08-23T17:28:47.3867736+05:30","level":"INFO","msg":"api: retrying error","error":"Post \"https://api.wandb.ai/graphql\": dial tcp: lookup api.wandb.ai: no such host"}
{"time":"2026-08-23T17:28:47.6042558+05:30","level":"INFO","msg":"api: retrying error","error":"Post \"https://api.wandb.ai/graphql\": dial tcp: lookup api.wandb.ai: no such host"}
{"time":"2026-08-23T17:28:48.889036+05:30","level":"INFO","msg":"api: retrying error","error":"Post \"https://api.wandb.ai/graphql\": dial tcp: lookup api.wandb.ai: no such host"}
{"time":"2026-08-23T17:28:49.0970543+05:30","level":"INFO","msg":"api: retrying error","error":"Post \"https://api.wandb.ai/graphql\": dial tcp: lookup api.wandb.ai: no such host"}
{"time":"2026-08-23T17:28:49.6614667+05:30","level":"INFO","msg":"api: retrying error","error":"Post \"https://api.wandb.ai/files/rshisode607-government-college-of-engineering-aurangabad/micro-MoRE-poc/krnpgoed/file_stream\": dial tcp: lookup api.wandb.ai: no such host"}
{"time":"2026-08-23T17:28:50.7362793+05:30","level":"INFO","msg":"api: retrying error","error":"Post \"https://api.wandb.ai/graphql\": dial tcp: lookup api.wandb.ai: no such host"}
{"time":"2026-08-23T17:28:52.3045865+05:30","level":"INFO","msg":"api: retrying error","error":"Post \"https://api.wandb.ai/graphql\": dial tcp: lookup api.wandb.ai: no such host"}
{"time":"2026-08-23T17:28:53.6746536+05:30","level":"INFO","msg":"api: retrying error","error":"Post \"https://api.wandb.ai/graphql\": dial tcp: lookup api.wandb.ai: no such host"}
{"time":"2026-08-23T17:28:54.1399309+05:30","level":"INFO","msg":"api: retrying error","error":"Post \"https://api.wandb.ai/graphql\": dial tcp: lookup api.wandb.ai: no such host"}
{"time":"2026-08-23T17:28:55.0672786+05:30","level":"INFO","msg":"api: retrying error","error":"Post \"https://api.wandb.ai/graphql\": dial tcp: lookup api.wandb.ai: no such host"}
{"time":"2026-08-23T17:28:57.7098608+05:30","level":"INFO","msg":"api: retrying error","error":"Post \"https://api.wandb.ai/graphql\": dial tcp: lookup api.wandb.ai: no such host"}
{"time":"2026-08-23T17:28:57.8746374+05:30","level":"INFO","msg":"api: retrying error","error":"Post \"https://api.wandb.ai/graphql\": dial tcp: lookup api.wandb.ai: no such host"}
{"time":"2026-08-23T17:28:59.0240448+05:30","level":"INFO","msg":"api: retrying error","error":"Post \"https://api.wandb.ai/graphql\": dial tcp: lookup api.wandb.ai: no such host"}
{"time":"2026-08-23T17:28:59.0540369+05:30","level":"INFO","msg":"api: retrying error","error":"Post \"https://api.wandb.ai/graphql\": dial tcp: lookup api.wandb.ai: no such host"}
{"time":"2026-08-23T17:28:59.5973267+05:30","level":"INFO","msg":"api: retrying error","error":"Post \"https://api.wandb.ai/graphql\": dial tcp: lookup api.wandb.ai: no such host"}
{"time":"2026-08-23T17:29:01.2629771+05:30","level":"INFO","msg":"api: retrying error","error":"Post \"https://api.wandb.ai/graphql\": dial tcp: lookup api.wandb.ai: no such host"}
{"time":"2026-08-23T17:29:02.8009311+05:30","level":"INFO","msg":"api: retrying error","error":"Post \"https://api.wandb.ai/graphql\": dial tcp: lookup api.wandb.ai: no such host"}
{"time":"2026-08-23T17:29:02.9457856+05:30","level":"INFO","msg":"api: retrying error","error":"Post \"https://api.wandb.ai/graphql\": dial tcp: lookup api.wandb.ai: no such host"}
{"time":"2026-08-23T17:29:03.3527972+05:30","level":"INFO","msg":"api: retrying error","error":"Post \"https://api.wandb.ai/graphql\": dial tcp: lookup api.wandb.ai: no such host"}
{"time":"2026-08-23T17:29:04.3066168+05:30","level":"INFO","msg":"api: retrying error","error":"Post \"https://api.wandb.ai/graphql\": dial tcp: lookup api.wandb.ai: no such host"}
{"time":"2026-08-23T17:29:05.7367688+05:30","level":"INFO","msg":"api: retrying error","error":"Post \"https://api.wandb.ai/graphql\": dial tcp: lookup api.wandb.ai: no such host"}
{"time":"2026-08-23T17:29:06.4858597+05:30","level":"INFO","msg":"api: retrying error","error":"Post \"https://api.wandb.ai/graphql\": dial tcp: lookup api.wandb.ai: no such host"}
{"time":"2026-08-23T17:29:07.1631161+05:30","level":"INFO","msg":"api: retrying error","error":"Post \"https://api.wandb.ai/graphql\": dial tcp: lookup api.wandb.ai: no such host"}
{"time":"2026-08-23T17:29:08.2573163+05:30","level":"INFO","msg":"api: retrying error","error":"Post \"https://api.wandb.ai/graphql\": dial tcp: lookup api.wandb.ai: no such host"}
{"time":"2026-08-23T17:29:09.0085588+05:30","level":"INFO","msg":"api: retrying error","error":"Post \"https://api.wandb.ai/graphql\": dial tcp: lookup api.wandb.ai: no such host"}
{"time":"2026-08-23T17:29:09.1388935+05:30","level":"INFO","msg":"api: retrying error","error":"Post \"https://api.wandb.ai/graphql\": dial tcp: lookup api.wandb.ai: no such host"}
{"time":"2026-08-23T17:29:10.9679604+05:30","level":"INFO","msg":"api: retrying error","error":"Post \"https://api.wandb.ai/graphql\": dial tcp: lookup api.wandb.ai: no such host"}
{"time":"2026-08-23T17:29:12.36318+05:30","level":"INFO","msg":"api: retrying error","error":"Post \"https://api.wandb.ai/graphql\": dial tcp: lookup api.wandb.ai: no such host"}
{"time":"2026-08-23T17:29:14.0555302+05:30","level":"INFO","msg":"api: retrying error","error":"Post \"https://api.wandb.ai/graphql\": dial tcp: lookup api.wandb.ai: no such host"}
{"time":"2026-08-23T17:29:14.2080222+05:30","level":"INFO","msg":"api: retrying error","error":"Post \"https://api.wandb.ai/graphql\": dial tcp: lookup api.wandb.ai: no such host"}
{"time":"2026-08-23T17:29:15.9645502+05:30","level":"INFO","msg":"api: retrying error","error":"Post \"https://api.wandb.ai/graphql\": dial tcp: lookup api.wandb.ai: no such host"}
{"time":"2026-08-23T17:29:16.2484384+05:30","level":"INFO","msg":"api: retrying error","error":"Post \"https://api.wandb.ai/graphql\": dial tcp: lookup api.wandb.ai: no such host"}
{"time":"2026-08-23T17:29:16.4462976+05:30","level":"INFO","msg":"api: retrying error","error":"Post \"https://api.wandb.ai/graphql\": dial tcp: lookup api.wandb.ai: no such host"}
{"time":"2026-08-23T17:29:17.3539998+05:30","level":"INFO","msg":"api: retrying error","error":"Post \"https://api.wandb.ai/graphql\": dial tcp: lookup api.wandb.ai: no such host"}
{"time":"2026-08-23T17:29:19.6751584+05:30","level":"INFO","msg":"api: retrying error","error":"Post \"https://api.wandb.ai/graphql\": dial tcp: lookup api.wandb.ai: no such host"}
{"time":"2026-08-23T17:29:19.7013348+05:30","level":"INFO","msg":"api: retrying error","error":"Post \"https://api.wandb.ai/graphql\": dial tcp: lookup api.wandb.ai: no such host"}
{"time":"2026-08-23T17:29:20.5028495+05:30","level":"INFO","msg":"api: retrying error","error":"Post \"https://api.wandb.ai/graphql\": dial tcp: lookup api.wandb.ai: no such host"}
{"time":"2026-08-23T17:29:20.5856023+05:30","level":"INFO","msg":"api: retrying error","error":"Post \"https://api.wandb.ai/graphql\": dial tcp: lookup api.wandb.ai: no such host"}
{"time":"2026-08-23T17:29:22.2541119+05:30","level":"INFO","msg":"api: retrying error","error":"Post \"https://api.wandb.ai/graphql\": dial tcp: lookup api.wandb.ai: no such host"}
{"time":"2026-08-23T17:29:22.3995846+05:30","level":"INFO","msg":"api: retrying error","error":"Post \"https://api.wandb.ai/graphql\": dial tcp: lookup api.wandb.ai: no such host"}
{"time":"2026-08-23T17:29:22.776862+05:30","level":"INFO","msg":"api: retrying error","error":"Post \"https://api.wandb.ai/graphql\": dial tcp: lookup api.wandb.ai: no such host"}
{"time":"2026-08-23T17:29:23.1021539+05:30","level":"INFO","msg":"api: retrying error","error":"Post \"https://api.wandb.ai/graphql\": dial tcp: lookup api.wandb.ai: no such host"}
{"time":"2026-08-23T17:29:23.5271966+05:30","level":"INFO","msg":"api: retrying error","error":"Post \"https://api.wandb.ai/graphql\": dial tcp: lookup api.wandb.ai: no such host"}
{"time":"2026-08-23T17:29:24.5989494+05:30","level":"INFO","msg":"api: retrying error","error":"Post \"https://api.wandb.ai/graphql\": dial tcp: lookup api.wandb.ai: no such host"}
{"time":"2026-08-23T17:29:26.6787998+05:30","level":"INFO","msg":"api: retrying error","error":"Post \"https://api.wandb.ai/graphql\": dial tcp: lookup api.wandb.ai: no such host"}
{"time":"2026-08-23T17:29:28.4298805+05:30","level":"INFO","msg":"api: retrying error","error":"Post \"https://api.wandb.ai/graphql\": dial tcp: lookup api.wandb.ai: no such host"}
{"time":"2026-08-23T17:29:28.4549984+05:30","level":"INFO","msg":"api: retrying error","error":"Post \"https://api.wandb.ai/graphql\": dial tcp: lookup api.wandb.ai: no such host"}
{"time":"2026-08-23T17:29:28.689287+05:30","level":"INFO","msg":"api: retrying error","error":"Post \"https://api.wandb.ai/graphql\": dial tcp: lookup api.wandb.ai: no such host"}
{"time":"2026-08-23T17:29:31.1503121+05:30","level":"INFO","msg":"api: retrying error","error":"Post \"https://api.wandb.ai/graphql\": dial tcp: lookup api.wandb.ai: no such host"}
{"time":"2026-08-23T17:29:32.9299386+05:30","level":"INFO","msg":"api: retrying error","error":"Post \"https://api.wandb.ai/graphql\": dial tcp: lookup api.wandb.ai: no such host"}
{"time":"2026-08-23T17:29:35.4083073+05:30","level":"INFO","msg":"api: retrying error","error":"Post \"https://api.wandb.ai/graphql\": dial tcp: lookup api.wandb.ai: no such host"}
{"time":"2026-08-23T17:29:35.5307654+05:30","level":"INFO","msg":"api: retrying error","error":"Post \"https://api.wandb.ai/graphql\": dial tcp: lookup api.wandb.ai: no such host"}
{"time":"2026-08-23T17:29:36.8958087+05:30","level":"INFO","msg":"api: retrying error","error":"Post \"https://api.wandb.ai/graphql\": dial tcp: lookup api.wandb.ai: no such host"}
{"time":"2026-08-23T17:29:37.5054527+05:30","level":"INFO","msg":"api: retrying error","error":"Post \"https://api.wandb.ai/graphql\": dial tcp: lookup api.wandb.ai: no such host"}
{"time":"2026-08-23T17:29:37.5326528+05:30","level":"INFO","msg":"api: retrying error","error":"Post \"https://api.wandb.ai/graphql\": dial tcp: lookup api.wandb.ai: no such host"}
{"time":"2026-08-23T17:29:50.7790562+05:30","level":"INFO","msg":"filestream: request sent","status":"200 OK"}
{"time":"2026-08-23T17:29:50.7790562+05:30","level":"INFO","msg":"filestream: sending request","total_files":0}
{"time":"2026-08-23T17:29:51.1716916+05:30","level":"INFO","msg":"filestream: request sent","status":"200 OK"}
{"time":"2026-08-23T17:29:51.1799017+05:30","level":"INFO","msg":"filestream: sending request","total_files":4,"history_offset":8,"history_lines":24,"events_offset":22,"events_lines":118,"console_offset":17,"console_lines":48,"uploaded_len":15}
{"time":"2026-08-23T17:29:53.4316909+05:30","level":"INFO","msg":"filestream: request sent","status":"200 OK"}
{"time":"2026-08-23T17:29:53.4325318+05:30","level":"INFO","msg":"filestream: sending request","total_files":0,"uploaded_len":1}
{"time":"2026-08-23T17:29:53.8046841+05:30","level":"INFO","msg":"filestream: request sent","status":"200 OK"}
{"time":"2026-08-23T17:30:06.4731232+05:30","level":"INFO","msg":"filestream: sending request","total_files":4,"history_offset":32,"history_lines":1,"events_offset":140,"events_lines":2,"console_offset":65,"console_lines":2,"uploaded_len":34}
{"time":"2026-08-23T17:30:07.1792343+05:30","level":"INFO","msg":"filestream: request sent","status":"200 OK"}
{"time":"2026-08-23T17:30:21.4721001+05:30","level":"INFO","msg":"filestream: sending request","total_files":4,"history_offset":33,"history_lines":1,"events_offset":142,"events_lines":2,"console_offset":67,"console_lines":2,"uploaded_len":23}
{"time":"2026-08-23T17:30:22.3515024+05:30","level":"INFO","msg":"filestream: request sent","status":"200 OK"}
{"time":"2026-08-23T17:30:36.4753875+05:30","level":"INFO","msg":"filestream: sending request","total_files":4,"history_offset":34,"history_lines":1,"events_offset":144,"events_lines":2,"console_offset":69,"console_lines":2,"uploaded_len":24}
{"time":"2026-08-23T17:30:37.3042362+05:30","level":"INFO","msg":"filestream: request sent","status":"200 OK"}
{"time":"2026-08-23T17:30:51.4694848+05:30","level":"INFO","msg":"filestream: sending request","total_files":1,"events_offset":146,"events_lines":2,"uploaded_len":11}
{"time":"2026-08-23T17:30:52.4459865+05:30","level":"INFO","msg":"filestream: request sent","status":"200 OK"}
{"time":"2026-08-23T17:31:06.471746+05:30","level":"INFO","msg":"filestream: sending request","total_files":4,"history_offset":35,"history_lines":1,"events_offset":148,"events_lines":2,"console_offset":71,"console_lines":2,"uploaded_len":4}
{"time":"2026-08-23T17:31:07.3653917+05:30","level":"INFO","msg":"filestream: request sent","status":"200 OK"}
{"time":"2026-08-23T17:31:21.4721174+05:30","level":"INFO","msg":"filestream: sending request","total_files":4,"history_offset":36,"history_lines":1,"events_offset":150,"events_lines":2,"console_offset":73,"console_lines":2,"uploaded_len":4}
{"time":"2026-08-23T17:31:22.373737+05:30","level":"INFO","msg":"filestream: request sent","status":"200 OK"}
{"time":"2026-08-23T17:31:36.4728727+05:30","level":"INFO","msg":"filestream: sending request","total_files":4,"history_offset":37,"history_lines":1,"events_offset":152,"events_lines":2,"console_offset":75,"console_lines":2}
{"time":"2026-08-23T17:31:37.2649387+05:30","level":"INFO","msg":"filestream: request sent","status":"200 OK"}
{"time":"2026-08-23T17:31:51.4707963+05:30","level":"INFO","msg":"filestream: sending request","total_files":4,"history_offset":38,"history_lines":1,"events_offset":154,"events_lines":2,"console_offset":77,"console_lines":2,"uploaded_len":4}
{"time":"2026-08-23T17:31:52.1998467+05:30","level":"INFO","msg":"filestream: request sent","status":"200 OK"}
{"time":"2026-08-23T17:32:06.4694333+05:30","level":"INFO","msg":"filestream: sending request","total_files":1,"events_offset":156,"events_lines":2,"uploaded_len":4}
{"time":"2026-08-23T17:32:07.0177957+05:30","level":"INFO","msg":"filestream: request sent","status":"200 OK"}
{"time":"2026-08-23T17:32:21.4719576+05:30","level":"INFO","msg":"filestream: sending request","total_files":4,"history_offset":39,"history_lines":1,"events_offset":158,"events_lines":2,"console_offset":79,"console_lines":2,"uploaded_len":4}
{"time":"2026-08-23T17:32:22.2137341+05:30","level":"INFO","msg":"filestream: request sent","status":"200 OK"}
{"time":"2026-08-23T17:32:36.4713389+05:30","level":"INFO","msg":"filestream: sending request","total_files":4,"history_offset":40,"history_lines":1,"events_offset":160,"events_lines":2,"console_offset":81,"console_lines":2,"uploaded_len":4}
{"time":"2026-08-23T17:32:37.0955636+05:30","level":"INFO","msg":"filestream: request sent","status":"200 OK"}
{"time":"2026-08-23T17:32:51.4709424+05:30","level":"INFO","msg":"filestream: sending request","total_files":4,"history_offset":41,"history_lines":1,"events_offset":162,"events_lines":2,"console_offset":83,"console_lines":2,"uploaded_len":4}
{"time":"2026-08-23T17:32:52.5172013+05:30","level":"INFO","msg":"filestream: request sent","status":"200 OK"}
{"time":"2026-08-23T17:33:06.4706667+05:30","level":"INFO","msg":"filestream: sending request","total_files":4,"history_offset":42,"history_lines":1,"events_offset":164,"events_lines":2,"console_offset":85,"console_lines":2}
{"time":"2026-08-23T17:33:07.3307939+05:30","level":"INFO","msg":"filestream: request sent","status":"200 OK"}
{"time":"2026-08-23T17:33:21.4734285+05:30","level":"INFO","msg":"filestream: sending request","total_files":4,"history_offset":43,"history_lines":1,"events_offset":166,"events_lines":2,"console_offset":87,"console_lines":2,"uploaded_len":4}
{"time":"2026-08-23T17:33:22.2163055+05:30","level":"INFO","msg":"filestream: request sent","status":"200 OK"}
{"time":"2026-08-23T17:33:36.469079+05:30","level":"INFO","msg":"filestream: sending request","total_files":1,"events_offset":168,"events_lines":2,"uploaded_len":4}
{"time":"2026-08-23T17:33:36.933942+05:30","level":"INFO","msg":"filestream: request sent","status":"200 OK"}
{"time":"2026-08-23T17:33:51.4731788+05:30","level":"INFO","msg":"filestream: sending request","total_files":4,"history_offset":44,"history_lines":1,"events_offset":170,"events_lines":2,"console_offset":89,"console_lines":2,"uploaded_len":4}
{"time":"2026-08-23T17:33:52.1311421+05:30","level":"INFO","msg":"filestream: request sent","status":"200 OK"}
{"time":"2026-08-23T17:34:06.4696629+05:30","level":"INFO","msg":"filestream: sending request","total_files":4,"history_offset":45,"history_lines":1,"events_offset":172,"events_lines":2,"console_offset":91,"console_lines":2,"uploaded_len":4}
{"time":"2026-08-23T17:34:07.372444+05:30","level":"INFO","msg":"filestream: request sent","status":"200 OK"}
{"time":"2026-08-23T17:34:21.4714032+05:30","level":"INFO","msg":"filestream: sending request","total_files":4,"history_offset":46,"history_lines":1,"events_offset":174,"events_lines":2,"console_offset":93,"console_lines":2,"uploaded_len":4}
{"time":"2026-08-23T17:34:22.1700035+05:30","level":"INFO","msg":"filestream: request sent","status":"200 OK"}
{"time":"2026-08-23T17:34:36.4718139+05:30","level":"INFO","msg":"filestream: sending request","total_files":4,"history_offset":47,"history_lines":1,"events_offset":176,"events_lines":2,"console_offset":95,"console_lines":2}
{"time":"2026-08-23T17:34:37.6788931+05:30","level":"INFO","msg":"filestream: request sent","status":"200 OK"}
{"time":"2026-08-23T17:34:51.471533+05:30","level":"INFO","msg":"filestream: sending request","total_files":4,"history_offset":48,"history_lines":1,"events_offset":178,"events_lines":2,"console_offset":97,"console_lines":1,"uploaded_len":4}
{"time":"2026-08-23T17:34:52.637657+05:30","level":"INFO","msg":"filestream: request sent","status":"200 OK"}
{"time":"2026-08-23T17:35:06.4695431+05:30","level":"INFO","msg":"filestream: sending request","total_files":2,"events_offset":180,"events_lines":2,"console_offset":98,"console_lines":1,"uploaded_len":4}
{"time":"2026-08-23T17:35:07.0161889+05:30","level":"INFO","msg":"filestream: request sent","status":"200 OK"}
{"time":"2026-08-23T17:35:16.5498864+05:30","level":"INFO","msg":"fileTransfer: Close: file transfer manager closed"}
{"time":"2026-08-23T17:35:16.5540834+05:30","level":"INFO","msg":"filestream: sending request","total_files":4,"history_offset":49,"history_lines":2,"events_offset":182,"events_lines":2,"console_offset":99,"console_lines":3,"uploaded_len":7,"complete":true,"exit_code":0}
{"time":"2026-08-23T17:35:17.5088255+05:30","level":"INFO","msg":"filestream: request sent","status":"200 OK"}
{"time":"2026-08-23T17:35:17.5103389+05:30","level":"INFO","msg":"handler: operation stats","stats":{}}
{"time":"2026-08-23T17:35:17.5224013+05:30","level":"INFO","msg":"stream: finishing up"}
{"time":"2026-08-23T17:35:17.5224013+05:30","level":"INFO","msg":"handler: closed"}
{"time":"2026-08-23T17:35:17.5233781+05:30","level":"INFO","msg":"sender: closed"}
{"time":"2026-08-23T17:35:17.5233781+05:30","level":"INFO","msg":"stream: all finished"}
